line,sequence
1.0,"GATTTAAGTGAATAGCTTGGCTATCTCACTTCCCCTCGTTCTCTTGCAGAACTTTGATTTTAACGAACTT
"
2.0,"AAATAAAAGCCCTGTTGTTTAGCGTATCGTTGCACTTGTCTGGTGGGATTGTGGCATTAATTTGCCTGCT
"
3.0,"CATCTAGGCAGTGGACATATGCTCAACACTGGGTATAATTCTAATTGAATACTATTTTTCAGTTAGAGCG
"
4.0,"TCGTGTCTCTTGTACGTCTCGGTCACAATACACGGTTTCGTCCGGTGCGTGGCAATTCGGGGCACATCAT
"
5.0,"GTCTTTCGTGGCTGGTGTGACCGCGCAAGGTGCGCGCGGTACGTATCGAGCAGCGCTCAACTCTGAAAAA
"
6.0,"CATCAAGACCATGTGTCTCTAACTGTGCCACTCTGTGGTTCAGGAAACCTGGTTGAAAAACTTTCACCAT
"
7.0,"GGTTCATGGATGGCGAAAATGCCTATGAAGTGGTGAAGGCCATGTTACTTAAAAAGGAGCCACTTCTCTA
"
8.0,"TGTGCCCATCCGGCTGGCTGGACACACTAGACACCTCCCAGGTCCTCGTGTGTACCTGGTTGAGAGGCTC
"
9.0,"ATTGCTTGTGAAAATCCATTCATGGTTAACCAATTGGCTTATAGCTCTAGTGCAAATGGCAGCCTGGTTG
"
10.0,"GCACAACTTTGCAGGGCAAGCCTATTGGTATGTTCTTCCCTTATGACATCGAACTTGTCACAGGAAAGCA
"
11.0,"AAATATTCTCCTGCGCAAGTATGGCCGTGGTGGTTATCACTACACCCCATTCCACTATGAGCGAGACAAC
"
12.0,"ACCTCTTGCCCTGAGTGGATGGACGATTTTGAGGCGGATCCTAAAGGCAAATATGCCCAGAATCTGCTTA
"
13.0,"AGAAGTTGATTGGCGGTGATGTCACTCCAGTTGACCAATACATGTGTGGCGTTGATGGAAAACCCATTAG
"
14.0,"TGCCTACGCATTTTTAATGGCCAAGGATGGAATAACCAAACTGGCTGATGTTGAAGCGGACGTCGCAGCA
"
15.0,"CGTGCTGATGACGAAGGCTTCATCACATTAAAGAACAATCTATATAGATTGGTTTGGCATGTTGAGCGTA
"
16.0,"AAGACGTTCCATATCCTAAGCAATCTATTTTTACTATTAATAGTGTGGTCCAAAAGGATGGTGTTGAAAA
"
17.0,"CACTCCTCCTCACTATTTTACTCTTGGATGCAAAATTTTAACGCTCACCCCACGCAACAAGTGGAGTGGC
"
18.0,"GTTTCTGACTTGTCCCTCAAACAAAAACTCCTTTACACCTTCTATGGTAAGGAGTCACTTGAGAACCCAA
"
19.0,"CCTACATTTACCACTCCGCATTCATTGAGTGTGGAAGTTGTGGTAATGATTCCTGGCTTACAGGGAATGC
"
20.0,"TATCCAAGGGTTTGCCTGTGGATGTGGGGCATCATATACAGCTAATGATGTCGAAGTCCAATCATCTGGC
"
21.0,"ATGATTAAGCCAAATGCTCTTCTTTGTGCTACTTGCCCCTTTGCTAAGGGTGATAGCTGTTCTTCTAATT
"
22.0,"GCAAACATTCAGTTGCTCAGTTGGTTAGTTACCTTTCTGAACGCTGTAATGTTATTGCTGATTCTAAGTC
"
23.0,"CTTCACACTTATCTTTGGTGGCGTAGCTTACGCCTACTTTGGATGTGAGGAAGGTACTATGTACTTTGTG
"
24.0,"CCTAGAGCTAAGTCTGTTGTCTCAAGGATTGGAGACTCCATCTTTACAGGCTGTACTGGCTCTTGGAACA
"
25.0,"AGGTCACTCAAATTGCTAACATGTTCTTGGAACAGACTCAGCATTCCCTTAACTTTGTGGGAGAGTTCGT
"
26.0,"TGTCAACGATGTTGTCCTCGCAATTCTCTCTGGAACCACAACTAATGTTGACAAAATACGCCAGCTTCTC
"
27.0,"AAAGGTGTCACCCTTGACAAGTTGCGTGATTATTTAGCTGACTATGACGTAGCAGTCACTGCCGGCCCAT
"
28.0,"TCATGGATAATGCTATTAATGTTGGTGGTACAGGATTACAGTATGCCGCCATTACTGCACCTTATGTAGT
"
29.0,"TCTCACTGGCTTAGGTGAGTCCTTTAAGAAAGTTGCAACCATACCGTATAAGGTTTGCAACTCTGTTAAG
"
30.0,"GATACTCTGGCTTATTATGCTCACAGCGTGTTGTACAGAGTTTTTCCTTATGACATGGATTCTGGTGTGT
"
31.0,"CATCCTTTAGTGAACTACTTTTTGATTGCGTTGATCTTTCAGTAGCTTCTACCTATTTTTTAGTCCGCAT
"
32.0,"CTTGCAAGATAAGACTGGCGACTTTATGTCTACAATTATTACTTCCTGCCAAACTGCTGTTAGTAAGCTT
"
33.0,"CTAGATACATGTTTTGAAGCTACAGAAGCAACATTTAACTTCTTGTTAGATTTGGCAGGATTGTTCAGAA
"
34.0,"TCTTTCTCCGCAATGCCTATGTGTACACTTCACAAGGGTTTGTGGTGGTCAATGGCAAAGTTTCTACACT
"
35.0,"TGTCAAACAAGTGTTAGACTTGCTTAATAAGGGTATGCAACTTTTGCATACAAAGGTCTCCTGGGCTGGT
"
36.0,"TCTAAAATCATTGCTGTTATCTACAGCGGCAGGGAGTCTCTAATATTCCCATCGGGAACCTATTACTGTG
"
37.0,"TCACCACTAAGGCTAAGTCCGTTCAACAAGATCTTGACGTTATTTTGCCTGGTGAGTTTTCCAAGAAGCA
"
38.0,"GTTAGGACTGCTCCAACCTACTGACAATTCTACAACTGTTAGTGTTACTGTATCCAGTAACATGGTTGAA
"
39.0,"ACTGTTGTGGGTCAACTTGAGCAAACTAATATGCATAGTCCTGATGTTATAGTAGGTGACTATGTCATTA
"
40.0,"TTAGTGAAAAATTGTTTGTGCGTAGTAAGGAAGAAGACGGATTTGCCTTCTACCCTGCTTGCACTAATGG
"
41.0,"TCATGCTGTACCGACTCTCTTTAGACTTAAGGGAGGTGCACCTGTAAAAAAAGTAGCCTTTGGCGGTGAT
"
42.0,"CAAGTACATGAGGTTGCTGCTGTAAGAAGTGTTACTGTCGAGTACAACATTCATGCTGTATTAGACACAC
"
43.0,"TACTTGCTTCTTCTAGTCTTAGAACCTTTGTTGTAGATAAGTCTTTGTCAATTGAGGAGTTTGCTGACGT
"
44.0,"AGTAAAGGAACAAGTCTCAGACTTGCTTGTTAAATTACTGCGTGGAATGCCGATTCCAGATTTTGATTTA
"
45.0,"GACGATTTTATTGACGCACCATGCTATTGCTTTAACGCTGAGGGTGATGCATCCTGGTCTTCTACTATGA
"
46.0,"TCTTCTCTCTTCACCCCGTCGAGTGTGACGAGGAGTGTTCTGAAGTAGAGGCTTCAGATTTAGAAGAAGG
"
47.0,"TGAATCAGAGTGCATTTCTGAGACTTCAACTGAACAAGTTGACGTTTCTCATGAGACTTCTGACGACGAG
"
48.0,"TGGGCTGCTGCAGTTGATGAAGCGTTCCCTCTCGATGAAGCAGAAGATGTTACTGAATCTGTGCAAGAAG
"
49.0,"AAGCACAACCAGTAGAAGTACCTGTTGAAGATATTGCGCAGGTTGTCATAGCTGACACCTTACAGGAAAC
"
50.0,"TCCTGTTGTGCCTGATACTGTTGAAGTCCCACCGCAAGTGGTGAAACTTCCGTCTGCACCTCAGACTATC
"
51.0,"CAGCCCGAGGTAAAAGAAGTTGCACCTGTCTATGAGGCTGATACCGAACAGACACAGAATGTTACTGTTA
"
52.0,"AACCTAAGAGGTTACGCAAAAAGCGTAATGTTGACCCTTTGTCCAATTTTGAACATAAGGTTATTACAGA
"
53.0,"GTGCGTTACCATAGTTTTAGGTGACGCAATTCAAGTAGCCAAGTGCTATGGGGAGTCTGTGTTAGTTAAT
"
54.0,"GCTGCTAACACACATCTTAAGCATGGCGGTGGTATCGCTGGTGCTATTAATGCGGCTTCAAAAGGGGCTG
"
55.0,"TCCAAAAAGAGTCAGATGAGTATATTCTGGCTAAAGGGCCGTTACAAGTAGGAGATTCAGTTCTCTTGCA
"
56.0,"AGGCCATTCTCTAGCTAAGAATATCCTGCATGTCGTAGGCCCAGATGCCCGCGCTAAACAGGATGTTTCT
"
57.0,"CTCCTTAGTAAGTGCTATAAGGCTATGAATGCATATCCTCTTGTAGTCACTCCTCTTGTTTCAGCAGGCA
"
58.0,"TATTTGGTGTAAAACCAGCTGTGTCTTTTGATTATCTTATTAGGGAGGCTAAGACTAGAGTTTTAGTCGT
"
59.0,"CGTTAATTCCCAAGATGTCTATAAGAGTCTTACCATAGTTGACATTCCACAGAGTTTGACTTTTTCATAT
"
60.0,"GATGGGTTACGTGGCGCAATACGTAAAGCTAAAGATTATGGTTTTACTGTTTTTGTGTGCACAGACAACT
"
61.0,"CTGCTAACACTAAAGTTCTTAGGAACAAGGGTGTTGATTATACTAAGAAGTTTCTTACAGTTGACGGTGT
"
62.0,"GCAATATTATTGCTACACGTCTAAGGACACTTTAGATGATATCTTACAACAGGCTAATAAGTCTGTTGGT
"
63.0,"ATTATATCTATGCCTTTGGGATATGTGTCTCATGGTTTAGACTTAATGCAAGCAGGGAGTGTCGTGCGTA
"
64.0,"GAGTTAACGTGCCCTACGTGTGTCTCCTAGCTAATAAAGAGCAAGAAGCTATTTTGATGTCTGAAGACGT
"
65.0,"TAAGTTAAACCCTTCAGAAGATTTTATAAAGCACGTCCGCACTAATGGTGGTTACAATTCTTGGCATTTA
"
66.0,"GTCGAGGGTGAACTATTGGTGCAAGACTTACGCTTAAATAAGCTCCTGCATTGGTCTGATCAAACCATAT
"
67.0,"GCTACAAGGATAGTGTGTTTTATGTTGTAAAGAATAGTACAGCTTTTCCATTTGAAACACTTTCAGCATG
"
68.0,"TCGTGCGTATTTGGATTCACGCACGACACAGCAGTTAACAATCGAAGTCTTAGTGACTGTCGATGGTGTA
"
69.0,"AATTTTAGAACAGTCGTTCTAAATAATAAGAACACTTATAGATCACAGCTTGGATGCGTTTTCTTTAATG
"
70.0,"GTGCTGATATTTCTGACACCATTCCTGATGAGAAACAGAATGGTCACAGTTTATATCTAGCAGACAATTT
"
71.0,"GACTGCTGATGAAACAAAGGCGCTTAAAGAGTTATATGGCCCCGTTGATCCTACTTTCTTACACAGATTC
"
72.0,"TATTCACTTAAGGCTGCAGTCCATGGGTGGAAGATGGTTGTGTGTGATAAGGTACGTTCTCTCAAATTGA
"
73.0,"GTGATAATAATTGTTATCTTAATGCAGTTATTATGACACTTGATTTATTGAAGGACATTAAATTTGTTAT
"
74.0,"ACCTGCTCTACAGCATGCATTTATGAAACATAAGGGCGGTGATTCAACTGACTTCATAGCCCTCATTATG
"
75.0,"GCTTATGGCAATTGCACATTTGGTGCTCCAGATGATGCCTCTCGGTTACTTCATACCGTGCTTGCAAAGG
"
76.0,"CTGAGTTATGCTGTTCTGCACGCATGGTTTGGAGAGAGTGGTGCAATGTCTGTGGCATAAAAGATGTTGT
"
77.0,"TCTACAAGGCTTAAAAGCTTGTTGTTACGTGGGTGTGCAAACTGTTGAAGATCTGCGTGCTCGCATGACA
"
78.0,"TATGTATGCCAGTGTGGTGGTGAACGTCATCGGCAATTAGTCGAACACACCACCCCCTGGTTGCTGCTCT
"
79.0,"CAGGCACACCAAATGAAAAATTGGTGACAACCTCCACGGCGCCTGATTTTGTAGCATTTAATGTCTTTCA
"
80.0,"GGGCATTGAAACGGCTGTTGGCCATTATGTTCATGCTCGCCTGAAGGGTGGTCTTATTTTAAAGTTTGAC
"
81.0,"TCTGGCACCGTTAGCAAGACTTCAGACTGGAAGTGCAAGGTGACAGATGTACTTTTCCCCGGCCAAAAAT
"
82.0,"ACAGTAGCGATTGTAATGTCGTACGGTATTCTTTGGACGGTAATTTCAGAACAGAGGTTGATCCCGACCT
"
83.0,"ATCTGCTTTCTATGTTAAGGATGGTAAATACTTTACAAGTGAACCACCCGTAACATATTCACCAGCTACA
"
84.0,"ATTTTAGCTGGTAGTGTCTACACTAATAGCTGCCTTGTATCGTCTGATGGACAACCTGGCGGTGATGCTA
"
85.0,"TTAGTTTGAGTTTTAATAACCTTTTAGGGTTTGATTCTAGTAAACCAGTCACTAAGAAATACACTTACTC
"
86.0,"CTTCTTGCCTAAAGAAGACGGCGATGTGTTGTTGGCTGAGTTTGACACTTATGACCCTATTTATAAGAAT
"
87.0,"GGTGCCATGTATAAAGGCAAACCAATTCTTTGGGTCAATAAAGCATCTTATGATACTAATCTTAATAAGT
"
88.0,"TCAATAGAGCTAGTTTGCGTCAAATTTTTGACGTAGCCCCCATTGAACTCGAAAATAAATTCACACCTTT
"
89.0,"GAGTGTGGAGTCTACACCAGTTGAACCTCCAACTGTAGATGTGGTAGCACTTCAACAGGAAATGACAATT
"
90.0,"GTCAAATGTAAGGGTTTAAATAAACCTTTCGTGAAGGACAATGTCAGTTTCGTTGCTGATGATTCAGGTA
"
91.0,"CTCCCGTTGTTGAGTATCTGTCTAAAGAAGACCTACATACATTGTATGTAGACCCTAAGTATCAAGTCAT
"
92.0,"TGTCTTAAAAGACAATGTACTTTCTTCTATGCTTAGATTGCACACCGTTGAGTCAGGTGATATTAACGTT
"
93.0,"GTTGCAGCTTCCGGATCTTTGACACGTAAAGTGAAGTTACTATTTAGGGCTTCATTTTATTTCAAAGAAT
"
94.0,"TTGCTACCCGCACTTTCACTGCTACCACTGCTGTAGGTAGTTGTATAAAGAGTGTAGTGCGGCATCTAGG
"
95.0,"TGTTACTAAAGGCATATTGACAGGCTGTTTTAGTTTTGCCAAGATGTTATTTATGCTTCCACTAGCTTAC
"
96.0,"TTTAGTGATTCAAAACTCGGCACCACAGAGGTTAAAGTGAGTGCTTTGAAAACAGCCGGCGTTGTGACAG
"
97.0,"GTAATGTTGTAAAACAGTGTTGCACTGCTGCTGTTGATTTAAGTATGGATAAGTTGCGCCGTGTGGATTG
"
98.0,"GAAATCAACCCTACGGTTGTTACTTATGTTATGCACAACTATGGTATTGTTGTCTTCTGTGTATCACTTG
"
99.0,"TATGTCTTCAATCAGGTCTTATCAAGTGATGTTATGTTTGAAGATGCCCAAGGTTTGAAAAAGTTCTACA
"
100.0,"AAGAAGTTAGAGCTTACCTAGGAATCTCTTCTGCTTGTGACGGTCTTGCTTCAGCTTATAGGGCGAATTC
"
101.0,"CTTTGATGTACCTACATTCTGCGCAAACCGTTCTGCAATGTGTAATTGGTGCTTGATTAGCCAAGATTCC
"
102.0,"ATAACTCACTACCCAGCTCTTAAGATGGTTCAAACACATCTTAGCCACTATGTTCTTAACATAGATTGGT
"
103.0,"TGTGGTTTGCATTTGAGACTGGTTTGGCATACATGCTCTATACCTCGGCCTTCAACTGGTTGTTGTTGGC
"
104.0,"AGGTACATTGCATTATTTCTTTGCACAGACTTCCATATTTGTAGACTGGCGGTCATACAATTATGCTGTG
"
105.0,"TCTAGTGCCTTCTGGTTATTCACCCACATTCCAATGGCGGGTTTGGTACGAATGTATAATTTGTTAGCAT
"
106.0,"GCCTTTGGCTTTTACGCAAGTTTTATCAGCATGTAATCAATGGTTGCAAAGATACGGCATGCTTGCTCTG
"
107.0,"CTATAAGAGGAACCGACTTACTAGAGTTGAAGCTTCTACCGTTGTCTGTGGTGGAAAACGTACGTTTTAT
"
108.0,"ATCACAGCAAATGGCGGTATTTCATTCTGTCGTAGGCATAATTGGAATTGTGTGGATTGTGACACTGCAG
"
109.0,"GTGTGGGGAATACCTTCATCTGTGAAGAAGTCGCAAATGACCTCACTACCGCCCTACGCAGGCCTATTAA
"
110.0,"CGCTACGGATAGATCACATTATTATGTGGATTCCGTTACAGTTAAAGAGACTGTTGTTCAGTTTAATTAT
"
111.0,"CGTAGAGACGGTCAACCATTCTACGAGCGGTTTCCCCTCTGCGCTTTTACAAATCTAGATAAGTTGAAGT
"
112.0,"TCAAAGAGGTCTGTAAAACTACTACTGGTATACCTGAATACAACTTTATCATCTACGACTCATCAGATCG
"
113.0,"TGGCCAGGAAAGTTTAGCTAGGTCTGCATGTGTTTATTATTCTCAAGTCTTGTGTAAATCAATTCTTTTG
"
114.0,"GTTGACTCAAGTTTGGTTACTTCTGTTGGTGATTCTAGTGAAATCGCCACTAAAATGTTTGATTCCTTTG
"
115.0,"TTAATAGTTTCGTCTCGCTGTATAATGTCACACGCGATAAGTTGGAAAAACTTATCTCTACTGCTCGTGA
"
116.0,"TGGCGTAAGGCGAGGCGATAACTTCCATAGTGTCTTAACAACATTCATTGACGCAGCACGAGGCCCCGCA
"
117.0,"GGTGTGGAGTCTGATGTTGAGACCAATGAAATTGTTGACTCTGTGCAGTATGCTCATAAACATGACATAC
"
118.0,"AAATTACTAATGAGAGCTACAATAATTATGTACCCTCATATGTTAAACCTGATAGTGTGTCTACCAGCGA
"
119.0,"TTTAGGTAGTCTCATTGATTGTAATGCGGCTTCAGTTAACCAAATTGTCTTGCGTAATTCTAATGGTGCT
"
120.0,"TGCATTTGGAACGCTGCTGCATATATGAAACTCTCGGATGCACTTAAACGACAGATTCGCATTGCATGCC
"
121.0,"GTAAGTGTAATTTAGCTTTCCGGTTAACCACCTCAAAGCTACGCGCTAATGATAATATCTTATCAGTTAG
"
122.0,"ATTCACTGCTAACAAAATTGTTGGTGGTGCTCCTACATGGTTTAATGCGTTGCGTGACTTTACGTTAAAG
"
123.0,"GGTTATGTTCTTGCTACCATTATTGTGTTTCTGTGTGCTGTACTGATGTATTTGTGTTTACCTACATTTT
"
124.0,"CTATGGCACCTGTTGAATTTTATGAAGACCGCATCTTGGACTTTAAAGTTCTTGATAATGGTATCATTAG
"
125.0,"GGATGTAAATCCTGATGATAAGTGCTTTGCTAATAAGCACCGGTCCTTCACACAATGGTATCATGAGCAT
"
126.0,"GTTGGTGGTGTCTATGACAACTCTATCACATGCCCATTGACAGTTGCAGTAATTGCTGGAGTTGCTGGTG
"
127.0,"CTCGCATTCCAGACGTACCTACTACATTGGCTTGGGTGAACAATCAGATAATTTTCTTTGTTTCTCGAGT
"
128.0,"CTTTGCTAATACAGGCAGTGTTTGCTACACTCCTATAGATGAGATACCCTATAAGAGTTTCTCTGATAGT
"
129.0,"GGTTGCATTCTTCCATCTGAGTGCACTATGTTTAGGGATGCAGAGGGCCGTATGACACCATACTGCCATG
"
130.0,"ATCCTACTGTTTTGCCTGGGGCTTTTGCGTACAGTCAGATGAGGCCTCATGTTCGTTACGACTTGTATGA
"
131.0,"TGGTAACATGTTTATTAAATTTCCTGAAGTAGTATTTGAAAGTACACTTAGGATTACTAGAACTCTGTCA
"
132.0,"ACTCAGTACTGCCGGTTCGGTAGTTGTGAGTATGCACAAGAGGGTGTTTGTATTACCACAAATGGCTCGT
"
133.0,"GGGCCATTTTTAATGACCACCATCTTAATAGACCTGGTGTCTATTGTGGCTCTGATTTTATTGACATTGT
"
134.0,"CAGGCGGTTAGCAGTATCACTGTTCCAGCCTATTACTTATTTCCAATTGACTACCTCATTGGTCTTGGGT
"
135.0,"ATAGGTTTGTGTGCGTTCCTGACTTTGCTCTTCTATTATATTAATAAAGTAAAACGTGCTTTTGCAGATT
"
136.0,"ACACCCAGTGTGCTGTAATTGCTGTTGTTGCTGCTGTTCTTAATAGCTTGTGCATCTGCTTTGTTACCTC
"
137.0,"TATACCATTGTGTATAGTACCTTACACTGCATTGTACTATTATGCTACATTCTATTTTACTAATGAGCCT
"
138.0,"GCATTTATTATGCATGTTTCTTGGTACATTATGTTCGGGCCTATCGTTCCCATATGGATGACCTGCGTCT
"
139.0,"ATACAGTTGCAATGTGCTTTAGACACTTCTTCTGGGTTTTAGCTTATTTTAGTAAGAAACATGTAGAAGT
"
140.0,"TTTTACTGATGGTAAGCTTAATTGTAGTTTCCAGGACGCTGCCTCTAATATCTTTGTTATTAACAAGGAC
"
141.0,"ACTTATGCAGCTCTTAGAAACTCTTTAACTAATGATGCCTATTCACGATTTTTGGGGTTGTTTAACAAGT
"
142.0,"ATAAGTACTTCTCTGGTGCTATGGAAACAGCCGCTTATCGTGAAGCTGCAGCATGTCATCTTGCTAAAGC
"
143.0,"CTTACAAACATACAGCGAGACTGGTAGTGATCTTCTTTACCAACCACCCAACTGTAGCATAACCTCTGGC
"
144.0,"GTGTTGCAAAGCGGTTTGGTGAAAATGTCACATCCCAGTGGAGATGTTGAGGCTTGTATGGTTCAGGTTA
"
145.0,"CCTGCGGTAGCATGACTCTTAATGGTCTTTGGCTTGACAACACAGTCTGGTGCCCACGACACGTAATGTG
"
146.0,"CCCGGCTGACCAGTTGTCTGATCCTAATTATGATGCCTTGTTGATTTCTATGACTAATCATAGTTTCAGT
"
147.0,"GTGCAAAAACACATTGGCGCTCCAGCAAACTTGCGTGTTGTTGGTCATGCCATGCAAGGCACTCTTTTGA
"
148.0,"AGTTGACTGTCGATGTTGCTAACCCTAGCACTCCAGCCTACACTTTTACAACAGTGAAACCTGGCGCAGC
"
149.0,"ATTTAGTGTGTTAGCATGCTATAATGGTCGTCCGACTGGTACATTCACTGTTGTAATGCGCCCTAACTAC
"
150.0,"ACAATTAAGGGTTCCTTTCTGTGTGGTTCTTGTGGTAGTGTTGGTTACACCAAGGAGGGTAGTGTGATCA
"
151.0,"ATTTCTGTTACATGCATCAAATGGAACTTGCTAATGGTACACATACCGGTTCAGCATTTGATGGTACTAT
"
152.0,"GTATGGTGCCTTTATGGATAAACAAGTGCACCAAGTTCAGTTAACAGACAAATACTGCAGTGTTAATGTA
"
153.0,"GTAGCTTGGCTTTACGCAGCAATACTTAATGGTTGCGCTTGGTTTGTAAAACCTAATCGCACTAGTGTTG
"
154.0,"TTTCTTTTAATGAATGGGCTCTTGCCAACCAATTCACTGAATTTGTTGGCACTCAATCCGTTGACATGTT
"
155.0,"AGCTGTCAAAACAGGCGTTGCTATTGAACAGCTGCTTTATGCGATCCAACAACTGTATACTGGGTTCCAG
"
156.0,"GGAAAGCAAATCCTTGGCAGTACCATGTTGGAAGATGAATTCACACCTGAGGATGTTAATATGCAGATTA
"
157.0,"TGGGTGTGGTTATGCAGAGTGGTGTGAGAAAAGTTACATATGGTACTGCGCATTGGTTGTTTGCGACCCT
"
158.0,"TGTCTCAACCTATGTGATAATCTTACAAGCCACTAAATTTACTTTGTGGAACTACTTGTTTGAGACTATT
"
159.0,"CCCACACAGTTGTTCCCACTCTTATTTGTGACTATGGCCTTCGTTATGTTGTTGGTTAAACACAAACACA
"
160.0,"CCTTTTTGACACTTTTCTTGTTGCCTGTGGCTATTTGTTTGACTTATGCAAACATAGTCTACGAGCCCAC
"
161.0,"TACTCCCATTTCGTCAGCGCTGATTGCAGTTGCAAATTGGCTTGCCCCCACTAATGCTTATATGCGCACT
"
162.0,"ACACATACTGATATTGGTGTCTACATTAGTATGTCACTTGTATTAGTCATTGTAGTGAAGAGATTGTACA
"
163.0,"ACCCATCACTTTCTAACTTTGCGTTAGCATTGTGCAGTGGTGTAATGTGGTTGTACACTTATAGCATTGG
"
164.0,"AGAAGCCTCAAGCCCCATTGCCTATCTGGTTTTTGTCACTACACTCACTAGTGATTATACGATTACAGTC
"
165.0,"TTTGTTACTGTCAACCTTGCAAAAGTTTGCACTTATGCCATCTTTGCTTACTCACCACAGCTTACACTTG
"
166.0,"TGTTTCCGGAAGTGAAGATGATACTTTTATTATACACATGTTTAGGTTTCATGTGTACTTGCTATTTTGG
"
167.0,"TGTCTTCTCTCTTTTGAACCTTAAGCTTAGAGCACCTATGGGTGTCTATGACTTTAAGGTCTCAACACAA
"
168.0,"GAGTTCAGATTCATGACTGCTAACAATCTAACTGCACCTAGAAATTCTTGGGAGGCTATGGCTCTGAACT
"
169.0,"TTAAGTTAATAGGTATTGGCGGTACACCTTGTATAAAGGTTGCTGCTATGCAGTCTAAACTTACAGATCT
"
170.0,"TAAATGCACATCTGTGGTTCTCCTCTCTGTGCTCCAACAGTTACACTTAGAGGCTAATAGTAGGGCCTGG
"
171.0,"GCTTTCTGTGTTAAATGCCATAATGATATATTGGCAGCAACAGACCCCAGTGAGGCTTTCGAGAAATTCG
"
172.0,"TAAGTCTCTTTGCTACTTTAATGACTTTTTCTGGTAATGTAGATCTTGATGCGTTAGCTAGTGATATTTT
"
173.0,"TGACACTCCTAGCGTACTTCAAGCTACTCTTTCTGAGTTTTCACACTTAGCTACCTTTGCTGAGTTGGAA
"
174.0,"GCTGCGCAGAAAGCCTATCAGGAAGCTATGGACTCTGGTGACACCTCACCACAAGTTCTTAAGGCTTTGC
"
175.0,"AGAAGGCTGTTAATATAGCTAAAAACGCCTATGAGAAGGATAAGGCAGTGGCCCGTAAGTTAGAACGTAT
"
176.0,"GGCTGATCAGGCTATGACTTCTATGTATAAGCAAGCACGTGCTGAAGACAAGAAAGCAAAAATTGTCAGT
"
177.0,"GCTATGCAAACTATGTTGTTTGGTATGATTAAGAAGCTCGACAACGATGTTCTTAATGGTATCATTTCTA
"
178.0,"ACGCTAGGAATGGTTGTATACCTCTTAGTGTCATCCCACTGTGTGCTTCAAATAAACTTCGCGTTGTAAT
"
179.0,"TCCTGACTTCACCGTCTGGAATCAGGTAGTCACATATCCCTCGCTTAACTACGCTGGGGCTTTGTGGGAC
"
180.0,"ATTACAGTTATAAACAATGTGGACAATGAAATTGTTAAGTCTTCAGATGTTGTAGACAGCAATGAAAATT
"
181.0,"TAACATGGCCACTTGTTTTAGAATGCACTAGGGCATCCACTTCTGCCGTTAAGTTGCAAAATAATGAGAT
"
182.0,"CAAACCTTCAGGTCTAAAAACCATGGTTGTGTCTGCGGGTCAAGAGCAAACTAACTGTAATACTAGTTCC
"
183.0,"TTAGCTTATTACGAACCTGTGCAGGGTCGTAAAATGCTGATGGCTCTTCTTTCTGATAATGCCTATCTCA
"
184.0,"AATGGGCGCGTGTTGAAGGTAAGGACGGATTTGTCAGTGTAGAGCTACAACCTCCTTGCAAATTCTTGAT
"
185.0,"TGCGGGACCAAAAGGACCTGAAATCCGATATCTCTATTTTGTTAAAAATCTTAACAACCTTCATCGCGGG
"
186.0,"CAAGTGTTAGGGCACATTGCTGCGACTGTTAGATTGCAAGCTGGTTCTAACACCGAGTTTGCCTCTAATT
"
187.0,"CCTCGGTGTTGTCACTTGTTAACTTCACCGTTGATCCTCAAAAAGCTTATCTCGATTTCGTCAATGCGGG
"
188.0,"AGGTGCCCCATTGACAAATTGTGTTAAGATGCTTACTCCTAAAACTGGTACAGGTATAGCTATATCTGTT
"
189.0,"AAACCAGAGAGTACAGCTGATCAAGAGACTTATGGTGGAGCTTCAGTGTGTCTCTATTGCCGTGCGCATA
"
190.0,"TAGAACATCCTGATGTCTCTGGTGTTTGTAAATATAAGGGTAAGTTTGTCCAAATCCCTGCTCAGTGTGT
"
191.0,"CCGTGACCCTGTGGGATTTTGTTTGTCAAATACCCCCTGTAATGTCTGTCAATATTGGATTGGATATGGG
"
192.0,"TGCAATTGTGACTCGCTTAGGCAAGCAGCACTGCCCCAATCTAAAGATTCCAATTTTTTAAACGAGTCCG
"
193.0,"GGGTTCTATTGTAAATGCCCGAATAGAACCCTGTTCAAGTGGTTTGTCCACTGATGTCGTCTTTAGGGCA
"
194.0,"TTTGACATCTGCAACTATAAGGCTAAGGTTGCTGGTATTGGAAAATACTACAAGACTAATACTTGTAGGT
"
195.0,"TTGTAGAATTAGATGACCAAGGGCATCATTTAGACTCCTATTTTGTCGTTAAGAGGCATACTATGGAGAA
"
196.0,"TTATGAACTAGAGAAGCACTGTTACGACTTGTTACGTGACTGTGATGCTGTAGCTCCCCATGATTTCTTC
"
197.0,"ATCTTTGATGTAGACAAAGTTAAAACACCTCATATTGTACGTCAGCGTTTAACTGAGTACACTATGATGG
"
198.0,"ATCTTGTATATGCCCTGAGGCACTTTGATCAAAATAGCGAAGTGCTTAAGGCTATCTTAGTGAAGTATGG
"
199.0,"TTGCTGTGATGTTACCTACTTTGAAAATAAACTCTGGTTTGATTTTGTTGAAAATCCCAGTGTTATTGGT
"
200.0,"GTTTATCATAAACTTGGAGAACGTGTACGCCAAGCTATCTTAAACACTGTTAAATTTTGTGACCACATGG
"
201.0,"TCAAGGCTGGTTTAGTCGGTGTGCTCACACTAGACAACCAGGACCTTAATGGCAAGTGGTATGATTTTGG
"
202.0,"TGACTTCGTAATCACTCAACCTGGTTCAGGAGTAGCTATAGTTGATAGCTACTATTCTTATTTGATGCCT
"
203.0,"GTGCTCTCAATGACCGATTGTCTGGCCGCTGAGACACATAGGGATTGTGATTTTAATAAACCACTCATTG
"
204.0,"AGTGGCCACTTACTGAGTATGATTTTACTGATTATAAGGTACAACTCTTTGAGAAGTACTTTAAATATTG
"
205.0,"GGATCAGACGTATCACGCAAATTGCGTTAATTGTACTGATGACCGTTGTGTGTTACATTGTGCTAATTTC
"
206.0,"AATGTATTGTTTGCTATGACCATGCCTAAGACTTGTTTCGGACCCATAGTCCGAAAGATCTTTGTTGATG
"
207.0,"GCGTGCCATTTGTAGTATCTTGTGGTTATCACTACAAAGAATTAGGTTTAGTCATGAATATGGATGTTAG
"
208.0,"TCTCCATAGACATAGGCTCTCTCTTAAGGAGTTGATGATGTATGCCGCTGATCCAGCCATGCACATTGCC
"
209.0,"TCCTCTAACGCTTTTCTTGATTTGAGGACATCATGTTTTAGTGTCGCTGCACTTACAACTGGTTTGACTT
"
210.0,"TTCAAACTGTGCGGCCTGGCAATTTTAACCAAGACTTCTATGATTTCGTGGTATCTAAAGGTTTCTTTAA
"
211.0,"GGAGGGCTCTTCAGTGACGCTCAAACATTTTTTCTTTGCTCAAGATGGTAATGCTGCTATTACAGATTAT
"
212.0,"AATTACTATTCTTATAATCTGCCTACTATGTGTGACATCAAACAAATGTTGTTCTGCATGGAAGTTGTAA
"
213.0,"ACAAGTACTTCGAAATCTATGACGGTGGTTGTCTTAATGCTTCTGAAGTGGTTGTTAATAATTTAGACAA
"
214.0,"GAGTGCTGGCCATCCTTTTAATAAGTTTGGCAAAGCTCGTGTCTATTATGAGAGCATGTCTTACCAGGAG
"
215.0,"CAAGATGAACTTTTTGCCATGACAAAGCGTAACGTCATTCCTACCATGACTCAAATGAATCTAAAATATG
"
216.0,"CTATTAGTGCTAAGAATAGAGCTCGCACTGTTGCAGGCGTGTCCATACTTAGCACAATGACTAATCGCCA
"
217.0,"GTACCATCAGAAAATGCTTAAGTCCATGGCTGCAACTCGTGGAGCGACTTGCGTCATTGGTACTACAAAG
"
218.0,"TTCTACGGTGGCTGGGATTTCATGCTTAAAACATTGTACAAAGATGTTGATAATCCGCATCTTATGGGTT
"
219.0,"GGGATTACCCTAAGTGTGATAGAGCTATGCCTAATATGTGTAGAATCTTCGCTTCACTCATATTAGCTCG
"
220.0,"TAAACATGGCACTTGTTGTACTACAAGGGACAGATTTTATCGCTTGGCAAATGAGTGTGCTCAGGTGCTA
"
221.0,"AGCGAATATGTTCTATGTGGTGGTGGTTACTACGTCAAACCTGGAGGTACCAGTAGCGGAGATGCCACCA
"
222.0,"CTGCATATGCCAATAGTGTCTTTAACATTTTGCAGGCGACAACTGCTAATGTCAGTGCACTTATGGGTGC
"
223.0,"TAATGGCAACAAGATTGTTGACAAAGAAGTTAAAGACATGCAGTTTGATTTGTATGTCAATGTTTACAGG
"
224.0,"AGCACTAGCCCAGACCCCAAATTTGTTGATAAATACTATGCTTTTCTTAATAAGCACTTTTCTATGATGA
"
225.0,"TACTGTCTGATGACGGTGTCGTTTGCTATAATAGTGATTATGCAGCTAAGGGTTACATTGCTGGAATACA
"
226.0,"GAATTTTAAGGAAACGCTGTATTATCAGAACAATGTCTTTATGTCTGAAGCTAAATGCTGGGTGGAAACC
"
227.0,"GATCTGAAGAAAGGGCCACATGAATTCTGTTCACAGCATACGCTTTATATTAAGGATGGCGACGATGGTT
"
228.0,"ACTTCCTTCCTTATCCAGACCCTTCAAGAATTTTGTCTGCCGGTTGCTTTGTAGATGATATCGTTAAGAC
"
229.0,"TGACGGTACACTCATGGTAGAGCGGTTTGTGTCTTTGGCTATAGATGCTTACCCTCTCACAAAGCATGAA
"
230.0,"GATATAGAATACCAGAATGTATTCTGGGTCTACTTACAGTATATAGAAAAACTGTATAAAGACCTTACAG
"
231.0,"GACACATGCTTGACAGTTATTCTGTCATGCTATGTGGTGATAATTCTGCTAAGTTTTGGGAAGAGGCATT
"
232.0,"CTATAGAGATCTCTATAGTTCGCCTACCACTTTGCAGGCTGTCGGTTCATGCGTTGTATGCCATTCACAG
"
233.0,"ACTTCCCTACGCTGTGGGACATGCATCCGTAGACCATTTCTCTGCTGTAAATGCTGCTATGATCATGTTA
"
234.0,"TAGCAACTCCACATAAGATGGTTTTGTCTGTTTCTCCTTACGTTTGTAATGCCCCTGGTTGTGGCGTTTC
"
235.0,"AGACGTTACTAAGCTATATTTAGGTGGTATGAGCTACTTTTGTGTAGATCATAGACCTGTGTGTAGTTTT
"
236.0,"CCACTTTGCGCTAATGGTCTTGTATTCGGCTTATACAAGAATATGTGCACAGGTAGTCCTTCTATAGTTG
"
237.0,"AATTTAATAGGTTGGCTACCTGTGACTGGACTGAAAGTGGTGATTACACCCTTGCCAATACTACAACAGA
"
238.0,"ACCACTCAAACTTTTTGCTGCTGAGACTTTACGTGCCACTGAAGAGGCGTCTAAGCAGTCTTATGCTATT
"
239.0,"GCCACCATCAAAGAAATTGTTGGTGAGCGCCAACTATTACTTGTGTGGGAGGCTGGCAAGTCCAAACCAC
"
240.0,"CACTCAATCGTAATTATGTTTTTACTGGTTATCATATAACCAAAAATAGTAAAGTGCAGCTCGGTGAGTA
"
241.0,"CATTTTCGAGCGCATTGATTATAGTGATGCTGTATCCTACAAGTCTAGTACAACGTATAAACTGACTGTA
"
242.0,"GGTGACATCTTCGTACTTACCTCTCACTCTGTGGCTACCTTGACGGCGCCCACAATTGTGAATCAAGAGA
"
243.0,"GGTATGTTAAAATTACTGGGTTGTACCCAACCATTACGGTACCTGAAGAGTTCGCAAGTCATGTTGCCAA
"
244.0,"CTTCCAAAAATCAGGTTATAGTAAATATGTCACTGTTCAGGGACCACCTGGCACTGGCAAAAGTCATTTT
"
245.0,"GCTATAGGGTTAGCGATTTACTACCCTACAGCACGTGTTGTTTATACAGCATGTTCACACGCAGCTGTTG
"
246.0,"ATGCTTTGTGTGAAAAAGCTTTTAAATATTTGAACATTGCTAAATGTTCCCGTATCATTCCTGCAAAGGC
"
247.0,"ACGTGTTGAGTGCTATGACAGGTTTAAAGTTAATGAGACAAATTCTCAATATTTGTTTAGTACTATTAAT
"
248.0,"GCTCTACCAGAAACTTCTGCCGATATTCTGGTGGTTGATGAGGTTAGTATGTGCACTAATTATGATCTTT
"
249.0,"CAATTATTAATGCACGTATTAAAGCTAAGCACATTGTCTATGTAGGAGATCCAGCACAGTTGCCAGCTCC
"
250.0,"TAGGACTTTGTTGACTAGAGGCACATTGGAACCAGAAAATTTCAATAGTGTCACTAGATTGATGTGTAAC
"
251.0,"TTAGGTCCTGACATATTTTTAAGTATGTGCTACAGGTGTCCTAAGGAAATAGTAAGCACTGTGAGCGCTC
"
252.0,"TTGTCTACAATAATAAATTGTTAGCCAAGAAGGAGCTTTCAGGCCAGTGCTTTAAAATACTCTATAAGGG
"
253.0,"CAATGTGACGCATGATGCTAGCTCTGCCATTAATAGACCACAACTCACATTTGTGAAGAATTTTATTACT
"
254.0,"GCCAATCCGGCATGGAGTAAGGCAGTCTTTATTTCGCCTTACAATTCACAGAATGCTGTGTCTCGTTCAA
"
255.0,"TGCTGGGTCTTACCACTCAGACTGTTGATTCCTCACAGGGTTCAGAATACCAGTACGTTATCTTCTGTCA
"
256.0,"AACAGCAGATACGGCACATGCTAACAACATTAACAGATTTAATGTTGCAATCACTCGTGCCCAAAAAGGT
"
257.0,"ATTCTTTGTGTTATGACATCTCAGGCACTCTTTGAGTCCTTAGAGTTTACTGAATTGTCTTTTACTAATT
"
258.0,"ACAAGCTCCAGTCTCAGATTGTAACTGGCCTTTTTAAAGATTGCTCTAGAGAAACTTCTGGCCTCTCACC
"
259.0,"TGCTTATGCACCAACATATGTTAGTGTTGATGACAAGTATAAGACGAGTGATGAGCTTTGCGTGAATCTT
"
260.0,"AATTTACCCGCAAATGTCCCATACTCTCGTGTTATTTCCAGGATGGGCTTTAAACTCGATGCAACAGTTC
"
261.0,"CTGGATATCCTAAGCTTTTCATTACTCGTGAAGAGGCTGTAAGGCAAGTTCGAAGCTGGATAGGCTTCGA
"
262.0,"TGTTGAGGGTGCTCATGCTTCCCGTAATGCATGTGGCACCAATGTGCCTCTACAATTAGGATTTTCAACT
"
263.0,"GGTGTGAACTTTGTTGTTCAGCCAGTTGGTGTTGTAGACACTGAGTGGGGTAACATGTTAACGGGCATTG
"
264.0,"CTGCACGTCCTCCACCAGGTGAACAGTTTAAGCACCTCGTGCCTCTTATGCATAAGGGGGCTGCGTGGCC
"
265.0,"TATTGTTAGACGACGTATAGTGCAAATGTTGTCAGACACTTTAGACAAATTGTCTGATTACTGTACGTTT
"
266.0,"GTTTGTTGGGCTCATGGCTTTGAATTAACGTCTGCATCATACTTTTGCAAGATAGGTAAGGAACAGAAGT
"
267.0,"GTTGCATGTGCAATAGACGCGCTGCAGCGTACTCTTCACCTCTGCAATCTTATGCCTGCTGGACTCATTC
"
268.0,"CTGCGGTTATGATTATGTCTACAACCCTTTCTTTGTCGATGTTCAACAGTGGGGTTATGTAGGCAATCTT
"
269.0,"GCTACTAATCACGATCGTTATTGCTCTGTCCATCAAGGAGCTCATGTGGCTTCTAATGATGCAATAATGA
"
270.0,"CTCGTTGTTTAGCTATTCATTCTTGTTTTATAGAACGTGTGGATTGGGATATAGAGTATCCTTATATCTC
"
271.0,"ACATGAAAAGAAATTGAATTCCTGTTGTAGAATCGTTGAGCGCAACGTCGTACGTGCTGCTCTTCTTGCC
"
272.0,"GGTTCATTTGACAAAGTCTATGATATTGGCAATCCTAAAGGAATTCCTATTGTTGATGACCCTGTGGTTG
"
273.0,"ATTGGCATTATTTTGATGCACAGCCCTTGACCAGGAAGGTACAACAGCTTTTCTATACAGAGGACATGGC
"
274.0,"CTCAAGATTTGCTGATGGGCTCTGCTTATTTTGGAACTGTAATGTACCAAAATATCCTAATAATGCAATT
"
275.0,"GTATGCAGGTTTGACACACGTGTGCATTCTGAGTTCAATTTGCCAGGTTGTGATGGCGGTAGTTTGTATG
"
276.0,"TTAACAAGCACGCTTTTCATACACCAGCATATGATGTGAGTGCATTCCGTGATCTGAAACCTTTACCATT
"
277.0,"CTTTTATTATTCTACTACACCATGTGAAGTGCATGGTAATGGTAGTATGATAGAGGATATTGATTATGTA
"
278.0,"CCCCTAAAATCTGCAGTCTGTATTACAGCTTGTAATTTAGGGGGCGCTGTTTGTAGGAAGCATGCTACAG
"
279.0,"AGTACAGAGAGTATATGGAAGCATATAATCTTGTCTCTGCATCAGGTTTCCGCCTTTGGTGTTATAAGAC
"
280.0,"CTTTGATATTTATAATCTCTGGTCTACTTTTACAAAAGTTCAAGGTTTGGAAAACATTGCTTTTAATGTT
"
281.0,"GTTAAACAAGGCCATTTTATTGGTGTTGAGGGTGAACTACCTGTAGCTGTAGTCAATGATAAGATCTTCA
"
282.0,"CCAAGAGTGGCGTTAATGACATTTGTATGTTTGAGAATAAAACCACTTTGCCTACTAATATAGCTTTTGA
"
283.0,"ACTCTATGCTAAGCGTGCTGTACGCTCGCATCCCGATTTCAAATTGCTACACAATTTACAAGCAGACATT
"
284.0,"TGCTACAAGTTCGTCCTTTGGGATTATGAACGTAGCAATATTTATGGTACTGCTACTATTGGTGTATGTA
"
285.0,"AGTACACTGATATTGATGTTAATTCAGCTTTGAATATATGTTTTGACATACGCGATAATTGTTCATTGGA
"
286.0,"GAAGTTCATGTCTACTCCCAATGCCATCTTTATTTCTGATAGAAAAATCAAGAAATACCCTTGTATGGTA
"
287.0,"GGTCCTGATTATGCTTACTTCAATGGTGCTATCATCCGTGATAGTGATGTTGTTAAACAACCAGTGAAGT
"
288.0,"TCTACTTGTATAAGAAAGTCAATAATGAGTTTATTGATCCTACTGAGTGTATTTACACTCAGAGTCGCTC
"
289.0,"TTGTAGTGACTTCCTACCCCTTTCTGACATGGAGAAAGACTTTCTATCTTTTGATAGTGATGTTTTCATT
"
290.0,"AAGAAGTATGGCTTGGAAAACTATGCTTTTGAGCACGTAGTCTATGGAGACTTCTCTCATACTACGTTAG
"
291.0,"GCGGTCTTCACTTGCTTATTGGTTTATACAAGAAGCAACAGGAAGGTCATATTATTATGGAAGAAATGCT
"
292.0,"AAAAGGTAGCTCAACTATTCATAACTATTTTATTACTGAGACTAACACAGCGGCTTTTAAGGCGGTGTGT
"
293.0,"TCTGTTATAGATTTAAAGCTTGACGACTTTGTTATGATTTTAAAGAGTCAAGACCTTGGCGTAGTATCCA
"
294.0,"AGGTTGTCAAGGTTCCTATTGACTTAACAATGATTGAGTTTATGTTATGGTGTAAGGATGGACAGGTTCA
"
295.0,"AACCTTCTACCCTCGACTCCAGGCTTCTGCAGATTGGAAACCTGGTCATGCAATGCCATCCCTCTTTAAA
"
296.0,"GTTCAAAATGTAAACCTTGAACGTTGTGAGCTTGCTAATTACAAGCAATCTATTCCTATGCCTCGCGGTG
"
297.0,"TGCACATGAACATCGCTAAATATATGCAATTGTGCCAGTATTTAAATACTTGCACATTAGCCGTGCCTGC
"
298.0,"CAATATGCGTGTTATACATTTTGGCGCTGGTTCTGATAAAGGTATCGCTCCTGGTACCTCAGTTTTACGA
"
299.0,"CAGTGGCTTCCTACAGATGCCATTATTATAGATAATGATTTAAATGAGTTCGTGTCAGATGCTGACATAA
"
300.0,"CTTTATTTGGAGATTGTGTAACTGTACGTGTCGGCCAACAAGTGGATCTTGTTATTTCCGACATGTATGA
"
301.0,"TCCTACTACTAAGAATGTAACAGGTAGTAATGAGTCAAAGGCTTTATTCTTTACTTACCTGTGTAACCTC
"
302.0,"ATTAATAATAATCTTGCTCTTGGTGGGTCTGTTGCTATTAAAATAACAGAACACTCTTGGAGCGTTGAAC
"
303.0,"TTTATGAACTTATGGGAAAATTTGCTTGGTGGACTGTTTTCTGCACCAATGCAAATGCATCCTCATCTGA
"
304.0,"AGGATTCCTCTTAGGTATTAATTACTTGGGTACTATTAAAGAAAATATAGATGGTGGTGCTATGCACGCC
"
305.0,"AACTATATATTTTGGAGAAATTCCACTCCTATGAATCTGAGTACTTACTCACTTTTTGATTTATCCAAGT
"
306.0,"TTCAATTAAAATTAAAAGGAACACCAGTTCTTCAATTAAAGGAGAGTCAAATTAACGAACTCGTAATATC
"
307.0,"TCTCCTGTCGCAGGGTAAGTTACTTATCCGTGACAATGATACACTCAGTGTTTCTACTGATGTTCTTGTT
"
308.0,"AACACCTACAGAAAGTTACGTTGATGTAGGGCCAGATTCTGTTAAGTCTGCTTGTATTGAGGTTGATATA
"
309.0,"CAACAGACTTTCTTTGATAAAACTTGGCCTAGGCCAATTGATGTTTCTAAGGCTGACGGTATTATATACC
"
310.0,"CTCAAGGCCGTACATATTCTAACATAACTATCACTTATCAAGGTCTTTTTCCCTATCAGGGAGACCATGG
"
311.0,"TGATATGTATGTTTACTCTGCAGGACATGCTACAGGCACAACTCCACAAAAGTTGTTTGTAGCTAACTAT
"
312.0,"TCTCAGGACGTCAAACAGTTTGCTAATGGGTTTGTCGTCCGTATAGGAGCAGCTGCCAATTCCACTGGCA
"
313.0,"CTGTTATTATTAGCCCATCTACCAGCGCTACTATACGAAAAATTTACCCTGCTTTTATGCTGGGTTCTTC
"
314.0,"AGTTGGTAATTTCTCAGATGGTAAAATGGGCCGCTTCTTCAATCATACTCTAGTTCTTTTGCCCGATGGA
"
315.0,"TGTGGCACTTTACTTAGAGCTTTTTATTGTATTCTAGAGCCTCGCTCTGGAAATCATTGTCCTGCTGGCA
"
316.0,"ATTCCTATACTTCTTTTGCCACTTATCACACTCCTGCAACAGATTGTTCTGATGGCAATTACAATCGTAA
"
317.0,"TGCCAGTCTGAACTCTTTTAAGGAGTATTTTAATTTACGTAACTGCACCTTTATGTACACTTATAACATT
"
318.0,"ACCGAAGATGAGATTTTAGAGTGGTTTGGCATTACACAAACTGCTCAAGGTGTTCACCTCTTCTCATCTC
"
319.0,"GGTATGTTGATTTGTACGGCGGCAATATGTTTCAATTTGCCACCTTGCCTGTTTATGATACTATTAAGTA
"
320.0,"TTATTCTATCATTCCTCACAGTATTCGTTCTATCCAAAGTGATAGAAAAGCTTGGGCTGCCTTCTACGTA
"
321.0,"TATAAACTTCAACCGTTAACTTTCCTGTTGGATTTTTCTGTTGATGGTTATATACGCAGAGCTATAGACT
"
322.0,"GTGGTTTTAATGATTTGTCACAACTCCACTGCTCATATGAATCCTTCGATGTTGAATCTGGAGTTTATTC
"
323.0,"AGTTTCGTCTTTCGAAGCAAAACCTTCTGGCTCAGTTGTGGAACAGGCTGAAGGTGTTGAATGTGATTTT
"
324.0,"TCACCTCTTCTGTCTGGCACACCTCCTCAGGTTTATAATTTCAAGCGTTTGGTTTTTACCAATTGCAATT
"
325.0,"ATAATCTTACCAAATTGCTTTCACTTTTTTCTGTGAATGATTTTACTTGTAGTCAAATATCTCCAGCAGC
"
326.0,"AATTGCTAGCAACTGTTATTCTTCACTGATTTTGGATTACTTTTCATACCCACTTAGTATGAAATCCGAT
"
327.0,"CTCAGTGTTAGTTCTGCTGGTCCAATATCCCAGTTTAATTATAAACAGTCCTTTTCTAATCCCACATGTT
"
328.0,"TGATTTTAGCGACTGTTCCTCATAACCTTACTACTATTACTAAGCCTCTTAAGTACAGCTATATTAACAA
"
329.0,"GTGCTCTCGTCTTCTTTCTGATGATCGTACTGAAGTACCTCAGTTAGTGAACGCTAATCAATACTCACCC
"
330.0,"TGTGTATCCATTGTCCCATCCACTGTGTGGGAAGACGGTGATTATTATAGGAAACAACTATCTCCACTTG
"
331.0,"AAGGTGGTGGCTGGCTTGTTGCTAGTGGCTCAACTGTTGCCATGACTGAGCAATTACAGATGGGCTTTGG
"
332.0,"TATTACAGTTCAATATGGTACAGACACCAATAGTGTTTGCCCCAAGCTTGAATTTGCTAATGACACAAAA
"
333.0,"ATTGCCTCTCAATTAGGCAATTGCGTGGAATATTCCCTCTATGGTGTTTCGGGCCGTGGTGTTTTTCAGA
"
334.0,"ATTGCACAGCTGTAGGTGTTCGACAGCAGCGCTTTGTTTATGATGCGTACCAGAATTTAGTTGGCTATTA
"
335.0,"TTCTGATGATGGCAACTACTACTGTTTGCGTGCTTGTGTTAGTGTTCCTGTTTCTGTCATCTATGATAAA
"
336.0,"GAAACTAAAACCCACGCTACTCTATTTGGTAGTGTTGCATGTGAACACATTTCTTCTACCATGTCTCAAT
"
337.0,"ACTCCCGTTCTACGCGATCAATGCTTAAACGGCGAGATTCTACATATGGCCCCCTTCAGACACCTGTTGG
"
338.0,"TTGTGTCCTAGGACTTGTTAATTCCTCTTTGTTCGTAGAGGACTGCAAGTTGCCTCTTGGTCAATCTCTC
"
339.0,"TGTGCTCTTCCTGACACACCTAGTACTCTCACACCTCGCAGTGTGCGCTCTGTTCCAGGTGAAATGCGCT
"
340.0,"TGGCATCCATTGCTTTTAATCATCCTATTCAGGTTGATCAACTTAATAGTAGTTATTTTAAATTAAGTAT
"
341.0,"ACCCACTAATTTTTCCTTTGGTGTGACTCAGGAGTACATTCAGACAACCATTCAGAAAGTTACTGTTGAT
"
342.0,"TGTAAACAGTACGTTTGCAATGGTTTCCAGAAGTGTGAGCAATTACTGCGCGAGTATGGCCAGTTTTGTT
"
343.0,"CCAAAATAAACCAGGCTCTCCATGGTGCCAATTTACGCCAGGATGATTCTGTACGTAATTTGTTTGCGAG
"
344.0,"CGTGAAAAGCTCTCAATCATCTCCTATCATACCAGGTTTTGGAGGTGACTTTAATTTGACACTTCTAGAA
"
345.0,"CCTGTTTCTATATCTACTGGCAGTCGTAGTGCACGTAGTGCTATTGAGGATTTGCTATTTGACAAAGTCA
"
346.0,"CTATAGCTGATCCTGGTTATATGCAAGGTTACGATGATTGCATGCAGCAAGGTCCAGCATCAGCTCGTGA
"
347.0,"TCTTATTTGTGCTCAATATGTGGCTGGTTACAAAGTATTACCTCCTCTTATGGATGTTAATATGGAAGCC
"
348.0,"GCGTATACTTCATCTTTGCTTGGCAGCATAGCAGGTGTTGGCTGGACTGCTGGCTTATCCTCCTTTGCTG
"
349.0,"CTATTCCATTTGCACAGAGTATCTTTTATAGGTTAAACGGTGTTGGCATTACTCAACAGGTTCTTTCAGA
"
350.0,"GAACCAAAAGCTTATTGCCAATAAGTTTAATCAGGCTCTGGGAGCTATGCAAACAGGCTTCACTACAACT
"
351.0,"AATGAAGCTTTTCAGAAGGTTCAGGATGCTGTGAACAACAATGCACAGGCTCTATCCAAATTAGCTAGCG
"
352.0,"AGCTATCTAATACTTTTGGTGCTATTTCCGCCTCTATTGGAGACATCATACAACGTCTTGATGTTCTCGA
"
353.0,"ACAGGACGCCCAAATAGACAGACTTATTAATGGCCGTTTGACAACACTAAATGCTTTTGTTGCACAGCAG
"
354.0,"CTTGTTCGTTCCGAATCAGCTGCTCTTTCCGCTCAATTGGCTAAAGATAAAGTCAATGAGTGTGTCAAGG
"
355.0,"CACAATCCAAGCGTTCTGGATTTTGCGGTCAAGGCACACATATAGTGTCCTTTGTTGTAAATGCCCCTAA
"
356.0,"TGGCCTTTACTTCATGCATGTTGGTTATTACCCTAGCAACCACATTGAGGTTGTTTCTGCTTATGGTCTT
"
357.0,"TGCGATGCAGCTAACCCTACTAATTGTATAGCCCCTGTTAATGGCTACTTTATTAAAACTAATAACACTA
"
358.0,"GGATTGTTGATGAGTGGTCATATACTGGCTCGTCCTTCTATGCACCTGAGCCCATTACCTCCCTTAATAC
"
359.0,"TAAGTATGTTGCACCACAGGTGACATACCAAAACATTTCTACTAACCTCCCTCCTCCTCTTCTCGGCAAT
"
360.0,"TCCACCGGGATTGACTTCCAAGATGAGTTGGATGAGTTTTTCAAAAATGTTAGCACCAGTATACCTAATT
"
361.0,"TTGGTTCCCTAACACAGATTAATACTACATTACTCGATCTTACCTACGAGATGTTGTCTCTTCAACAAGT
"
362.0,"TGTTAAAGCCCTTAATGAGTCTTACATAGACCTTAAAGAGCTTGGCAATTATACTTATTACAACAAATGG
"
363.0,"CCGTGGTACATTTGGCTTGGTTTCATTGCTGGGCTTGTTGCCTTAGCTCTATGCGTCTTCTTCATACTGT
"
364.0,"GCTGCACTGGTTGTGGCACAAACTGTATGGGAAAACTTAAGTGTAATCGTTGTTGTGATAGATACGAGGA
"
365.0,"ATACGACCTCGAGCCGCATAAGGTTCATGTTCACTAATTAACGAACTATTAATGAGAGTTCAAAGACCAC
"
366.0,"CCACTCTCTTGTTAGTGTTTTCACTCTCTCTTTTGGTCACTGCATCCTCAAAACCTCTCTATGTACCTGA
"
367.0,"GCATTGTCAGAATTATTCTGGTTGCATGCTTAGGGCTTGTATTAAAACTGCCCAAGCTGATACAGCTGGT
"
368.0,"CTTTATACAAATTTTCGAATTGACGTCCCATCTGCAGAATCAACTGGTACTCAATCAGTTTCTGTCGATC
"
369.0,"TTGAGTCAACTTCAACTCATGATGGTCCTACCGAACATGTTACTAGTGTGAATCTTTTTGACGTTGGTTA
"
370.0,"CTCAGTTAATTAACGAACTCTATGGATTACGTGTCTCTGCTTAATCAAATTTGGCAGAAGTACCTTAACT
"
371.0,"CACCGTATACTACTTGTTTGTACATCCCTAAACCCACAGCTAAGTATACACCTTTAGTTGGCACTTCATT
"
372.0,"GCACCCTGTGCTGTGGAACTGTCAGCTATCCTTTGCTGGTTATACTGAATCTGCTGTTAATTCTACAAAA
"
373.0,"GCTTTGGCCAAACAGGACGCAGCTCAGCGAATCGCTTGGTTGCTACATAAGGATGGAGGAATCCCTGATG
"
374.0,"GATGTTCCCTCTACCTCCGGCACTCAAGTTTATTCGCGCAAAGCGAGGAAGAGGAGCCATTCTCCAACTA
"
375.0,"AGAAACTGCGCTACGTTAAGCGTAGATTTTCTCTTCTGCGCCATGAAGACCTTAGTGTTATTGTCCAACC
"
376.0,"AACACACTATGTCAGGGTTACATTTTCAGACCCCAACATGTGGTATCTACGTTCGGGTCATCATTTACAC
"
377.0,"TCAGTTCACAATTGGCTTAAACCTTATGGCGGCCAACCTGTTTCTGAGTACCATATTACTCTAGCTTTGC
"
378.0,"TAAATCTCACTGATGAAGATTTAGCTAGAGATTTTTCACCCATTGCGCTCTTTTTGCGCAATGTCAGATT
"
379.0,"TGAGCTACATGAGTTCGCCTTGCTGCGCAAAACTCTTGTTCTTAATGCATCAGAGATCTACTGTGCTAAC
"
380.0,"ATACATAGATTTAAGCCTGTGTATAGAGTTAACACGGCAATCCCTACTATTAAGGATTGGCTTCTCGTTC
"
381.0,"AGGGATTTTCCCTTTACCATAGTGGCCTCCCTTTACATATGTCAATCTCTAAATTGCATGCACTGGATGA
"
382.0,"TGTTACTCGCAATTACATCATTACAATGCCATGCTTTAGAACTTACCCTCAACAAATGTTTGTTACTCCT
"
383.0,"TTGGCCGTAGATGTTGTCTCCATACGGTCTTCCAATCAGGGTAATAAACAAATTGTTCATTCTTATCCCA
"
384.0,"TTTTACATCATCCAGGATTTTAACGAACTATGGCTTTCTCGGCGTCTTTATTTAAACCCGTCCAGCTAGT
"
385.0,"CCCAGTTTCTCCTGCATTTCATCGCATTGAGTCTACTGACTCTATTGTTTTCACATACATTCCTGCTAGC
"
386.0,"GGCTATGTAGCTGCTTTAGCTGTCAATGTGTGTCTCATTCCCCTATTATTACTGCTACGTCAAGATACTT
"
387.0,"GTCGTCGCAGCATTATCAGAACTATGGTTCTCTATTTCCTTGTTCTGTATAACTTTTTATTAGCCATTGT
"
388.0,"ACTAGTCAATGGTGTACATTATCCAACTGGAAGTTGCCTGATAGCCTTCTTAGTTATCCTCATAATACTT
"
389.0,"TGGTTTGTAGATAGAATTCGTTTCTGTCTCATGCTGAATTCCTACATTCCACTGTTTGACATGCGTTCCC
"
390.0,"ACTTTATTCGTGTTAGTACAGTTTCTTCTCATGGTATGGTCCCTGTAATACACACCAAACCATTATTTAT
"
391.0,"TAGAAACTTCGATCAGCGTTGCAGCTGTTCTCGTTGTTTTTATTTGCACTCTTCCACTTATATAGAGTGC
"
392.0,"ACTTATATTAGCCGTTTTAGTAAGATTAGCCTAGTTTCTGTAACTGACTTCTCCTTAAACGGCAATGTTT
"
393.0,"CCACTGTTTTCGTGCCTGCAACGCGCGATTCAGTTCCTCTTCACATAATCGCCCCGAGCTCGCTTATCGT
"
394.0,"TTAAGCAGCTCTGCGCTACTATGGGTCCCGTGTAGAGGCTAATCCATTAGTCTCTCTTTGGACATATGGA
"
395.0,"AAACGAACTATGTTACCCTTTGTCCAAGAACGAATAGGGTTGTTCATAGTAAACTTTTTCATTTTTACCG
"
396.0,"TAGTATGTGCTATAACACTCTTGGTGTGTATGGCTTTCCTTACGGCTACTAGATTATGTGTGCAATGTAT
"
397.0,"GACAGGCTTCAATACCCTGTTAGTTCAGCCCGCATTATACTTGTATAATACTGGACGTTCAGTCTATGTA
"
398.0,"AAATTCCAGGATAGTAAACCCCCTCTACCACCTGACGAGTGGGTTTAACGAACTCCTTCATAATGTCTAA
"
399.0,"TATGACGCAACTCACTGAGGCGCAGATTATTGCCATTATTAAAGACTGGAACTTTGCATGGTCCCTGATC
"
400.0,"TTTCTCTTAATTACTATCGTACTACAGTATGGATACCCATCCCGTAGTATGACTGTCTATGTCTTTAAAA
"
401.0,"TGTTTGTTTTATGGCTCCTATGGCCATCTTCCATGGCGCTATCAATATTTAGCGCCGTTTATCCAATTGA
"
402.0,"TCTAGCTTCCCAGATAATCTCTGGCATTGTAGCAGCTGTTTCAGCTATGATGTGGATTTCCTACTTTGTG
"
403.0,"CAGAGTATCCGGCTGTTTATGAGAACTGGATCATGGTGGTCATTCAATCCTGAGACTAATTGCCTTTTGA
"
404.0,"ACGTTCCATTTGGTGGTACAACTGTCGTACGTCCACTCGTAGAGGACTCTACCAGTGTAACTGCTGTTGT
"
405.0,"AACCAATGGCCACCTCAAAATGGCTGGCATGCATTTCGGTGCTTGTGACTACGACAGACTTCCTAATGAA
"
406.0,"GTCACCGTGGCCAAACCCAATGTGCTGATTGCTTTAAAAATGGTGAAGCGGCAAAGCTACGGAACTAATT
"
407.0,"CCGGCGTTGCCATTTACCATAGATATAAGGCAGGTAATTACAGGAGTCCGCCTATTACGGCGGATATTGA
"
408.0,"ACTTGCATTGCTTCGAGCTTAGGCTCTTTAGTAAGAGTATCTTAATTGATTTTAACGAATCTCAATTTCA
"
409.0,"TTGTTATGGCATCCCCTGCTGCACCTCGTGCTGTTTCCTTTGCCGATAACAATGATATAACAAATACAAA
"
410.0,"CCTATCTCGAGGTAGAGGACGTAATCCAAAACCACGAGCTGCACCAAATAACACTGTCTCTTGGTACACT
"
411.0,"GGGCTTACCCAACACGGGAAAGTCCCTCTTACCTTTCCACCTGGGCAGGGTGTACCTCTTAATGCCAATT
"
412.0,"CTACCCCTGCGCAAAATGCTGGGTATTGGCGGAGACAGGACAGAAAAATTAATACCGGGAATGGAATTAA
"
413.0,"GCAACTGGCTCCCAGGTGGTACTTCTACTACACTGGAACTGGACCCGAAGCAGCACTCCCATTCCGGGCT
"
414.0,"GTTAAGGATGGCATCGTTTGGGTCCATGAAGATGGCGCCACTGATGCTCCTTCAACTTTTGGGACGCGGA
"
415.0,"ACCCTAACAATGATTCAGCTATTGTTACACAATTCGCGCCCGGTACTAAGCTTCCTAAAAACTTCCACAT
"
416.0,"TGAGGGGACTGGAGGCAATAGTCAATCATCTTCAAGAGCCTCTAGCTTAAGCAGAAACTCTTCCAGATCT
"
417.0,"AGTTCACAAGGTTCAAGATCAGGAAACTCTACCCGCGGCACTTCTCCAGGTCCATCTGGAATCGGAGCAG
"
418.0,"TAGGAGGTGATCTACTTTACCTTGATCTTCTGAACAGACTACAAGCCCTTGAGTCTGGCAAAGTAAAGCA
"
419.0,"ATCGCAGCCAAAAGTAATCACTAAGAAAGATGCTGCTGCTGCTAAAAATAAGATGCGCCACAAGCGCACT
"
420.0,"TCCACCAAAAGTTTCAACATGGTGCAAGCTTTTGGTCTTCGCGGACCAGGAGACCTCCAGGGAAACTTTG
"
421.0,"GTGATCTTCAATTGAATAAACTCGGCACTGAGGACCCACGTTGGCCCCAAATTGCTGAGCTTGCTCCTAC
"
422.0,"AGCCAGTGCTTTTATGGGTATGTCGCAATTTAAACTTACCCATCAGAACAATGATGATCATGGCAACCCT
"
423.0,"GTGTACTTCCTTCGGTACAGTGGAGCCATTAAACTTGACCCAAAGAATCCCAACTACAATAAGTGGTTGG
"
424.0,"AGCTTCTTGAGCAAAATATTGATGCCTACAAAACCTTCCCTAAGAAGGAAAAGAAACAAAAGGCACCAAA
"
425.0,"AGAAGAATCAACAGACCAAATGTCTGAACCTCCAAAGGAGCAGCGTGTGCAAGGTAGCATCACTCAGCGC
"
426.0,"ACTCGCACCCGTCCAAGTGTTCAGCCTGGTCCAATGATTGATGTTAACACTGATTAGTGTCACTCAAAGT
"
427.0,"AACAAGATCGCGGCAATCGTTTGTGTTTGGCAACCCCATCTCACCATCGCTTGTCCACTCTTGCACAGAA
"
428.0,"TGGAATCATGTTGTAATTACAGTGCAATAAGGTAATTATAACCCATTTAATTGATAGCTATGCTTTATTA
"
430.0,"GGGAAGAGCTCTACAGTGTGAAATGTAAATAAAAAATAGCTATTATTCAATTAGATTAGGCTAATTAGAT
"
431.0,GATTTGCAAAAAAAAAAAA
