Sequence_token,sequence
[1],"GATTTAAGTGAATAGCTTGGCTATCTCACTTCCCCTCGTTCTCTTGCAGAACTTTGATTTTAACGAACTT
"
[2],"AAATAAAAGCCCTGTTGTTTAGCGTATCGTTGCACTTGTCTGGTGGGATTGTGGCATTAATTTGCCTGCT
"
[3],"CATCTAGGCAGTGGACATATGCTCAACACTGGGTATAATTCTAATTGAATACTATTTTTCAGTTAGAGCG
"
[4],"TCGTGTCTCTTGTACGTCTCGGTCACAATACACGGTTTCGTCCGGTGCGTGGCAATTCGGGGCACATCAT
"
[5],"GTCTTTCGTGGCTGGTGTGACCGCGCAAGGTGCGCGCGGTACGTATCGAGCAGCGCTCAACTCTGAAAAA
"
[6],"CATCAAGACCATGTGTCTCTAACTGTGCCACTCTGTGGTTCAGGAAACCTGGTTGAAAAACTTTCACCAT
"
[7],"GGTTCATGGATGGCGAAAATGCCTATGAAGTGGTGAAGGCCATGTTACTTAAAAAGGAGCCACTTCTCTA
"
[8],"TGTGCCCATCCGGCTGGCTGGACACACTAGACACCTCCCAGGTCCTCGTGTGTACCTGGTTGAGAGGCTC
"
[9],"ATTGCTTGTGAAAATCCATTCATGGTTAACCAATTGGCTTATAGCTCTAGTGCAAATGGCAGCCTGGTTG
"
[10],"GCACAACTTTGCAGGGCAAGCCTATTGGTATGTTCTTCCCTTATGACATCGAACTTGTCACAGGAAAGCA
"
[11],"AAATATTCTCCTGCGCAAGTATGGCCGTGGTGGTTATCACTACACCCCATTCCACTATGAGCGAGACAAC
"
[12],"ACCTCTTGCCCTGAGTGGATGGACGATTTTGAGGCGGATCCTAAAGGCAAATATGCCCAGAATCTGCTTA
"
[13],"AGAAGTTGATTGGCGGTGATGTCACTCCAGTTGACCAATACATGTGTGGCGTTGATGGAAAACCCATTAG
"
[14],"TGCCTACGCATTTTTAATGGCCAAGGATGGAATAACCAAACTGGCTGATGTTGAAGCGGACGTCGCAGCA
"
[15],"CGTGCTGATGACGAAGGCTTCATCACATTAAAGAACAATCTATATAGATTGGTTTGGCATGTTGAGCGTA
"
[16],"AAGACGTTCCATATCCTAAGCAATCTATTTTTACTATTAATAGTGTGGTCCAAAAGGATGGTGTTGAAAA
"
[17],"CACTCCTCCTCACTATTTTACTCTTGGATGCAAAATTTTAACGCTCACCCCACGCAACAAGTGGAGTGGC
"
[18],"GTTTCTGACTTGTCCCTCAAACAAAAACTCCTTTACACCTTCTATGGTAAGGAGTCACTTGAGAACCCAA
"
[19],"CCTACATTTACCACTCCGCATTCATTGAGTGTGGAAGTTGTGGTAATGATTCCTGGCTTACAGGGAATGC
"
[20],"TATCCAAGGGTTTGCCTGTGGATGTGGGGCATCATATACAGCTAATGATGTCGAAGTCCAATCATCTGGC
"
[21],"ATGATTAAGCCAAATGCTCTTCTTTGTGCTACTTGCCCCTTTGCTAAGGGTGATAGCTGTTCTTCTAATT
"
[22],"GCAAACATTCAGTTGCTCAGTTGGTTAGTTACCTTTCTGAACGCTGTAATGTTATTGCTGATTCTAAGTC
"
[23],"CTTCACACTTATCTTTGGTGGCGTAGCTTACGCCTACTTTGGATGTGAGGAAGGTACTATGTACTTTGTG
"
[24],"CCTAGAGCTAAGTCTGTTGTCTCAAGGATTGGAGACTCCATCTTTACAGGCTGTACTGGCTCTTGGAACA
"
[25],"AGGTCACTCAAATTGCTAACATGTTCTTGGAACAGACTCAGCATTCCCTTAACTTTGTGGGAGAGTTCGT
"
[26],"TGTCAACGATGTTGTCCTCGCAATTCTCTCTGGAACCACAACTAATGTTGACAAAATACGCCAGCTTCTC
"
[27],"AAAGGTGTCACCCTTGACAAGTTGCGTGATTATTTAGCTGACTATGACGTAGCAGTCACTGCCGGCCCAT
"
[28],"TCATGGATAATGCTATTAATGTTGGTGGTACAGGATTACAGTATGCCGCCATTACTGCACCTTATGTAGT
"
[29],"TCTCACTGGCTTAGGTGAGTCCTTTAAGAAAGTTGCAACCATACCGTATAAGGTTTGCAACTCTGTTAAG
"
[30],"GATACTCTGGCTTATTATGCTCACAGCGTGTTGTACAGAGTTTTTCCTTATGACATGGATTCTGGTGTGT
"
[31],"CATCCTTTAGTGAACTACTTTTTGATTGCGTTGATCTTTCAGTAGCTTCTACCTATTTTTTAGTCCGCAT
"
[32],"CTTGCAAGATAAGACTGGCGACTTTATGTCTACAATTATTACTTCCTGCCAAACTGCTGTTAGTAAGCTT
"
[33],"CTAGATACATGTTTTGAAGCTACAGAAGCAACATTTAACTTCTTGTTAGATTTGGCAGGATTGTTCAGAA
"
[34],"TCTTTCTCCGCAATGCCTATGTGTACACTTCACAAGGGTTTGTGGTGGTCAATGGCAAAGTTTCTACACT
"
[35],"TGTCAAACAAGTGTTAGACTTGCTTAATAAGGGTATGCAACTTTTGCATACAAAGGTCTCCTGGGCTGGT
"
[36],"TCTAAAATCATTGCTGTTATCTACAGCGGCAGGGAGTCTCTAATATTCCCATCGGGAACCTATTACTGTG
"
[37],"TCACCACTAAGGCTAAGTCCGTTCAACAAGATCTTGACGTTATTTTGCCTGGTGAGTTTTCCAAGAAGCA
"
[38],"GTTAGGACTGCTCCAACCTACTGACAATTCTACAACTGTTAGTGTTACTGTATCCAGTAACATGGTTGAA
"
[39],"ACTGTTGTGGGTCAACTTGAGCAAACTAATATGCATAGTCCTGATGTTATAGTAGGTGACTATGTCATTA
"
[40],"TTAGTGAAAAATTGTTTGTGCGTAGTAAGGAAGAAGACGGATTTGCCTTCTACCCTGCTTGCACTAATGG
"
[41],"TCATGCTGTACCGACTCTCTTTAGACTTAAGGGAGGTGCACCTGTAAAAAAAGTAGCCTTTGGCGGTGAT
"
[42],"CAAGTACATGAGGTTGCTGCTGTAAGAAGTGTTACTGTCGAGTACAACATTCATGCTGTATTAGACACAC
"
[43],"TACTTGCTTCTTCTAGTCTTAGAACCTTTGTTGTAGATAAGTCTTTGTCAATTGAGGAGTTTGCTGACGT
"
[44],"AGTAAAGGAACAAGTCTCAGACTTGCTTGTTAAATTACTGCGTGGAATGCCGATTCCAGATTTTGATTTA
"
[45],"GACGATTTTATTGACGCACCATGCTATTGCTTTAACGCTGAGGGTGATGCATCCTGGTCTTCTACTATGA
"
[46],"TCTTCTCTCTTCACCCCGTCGAGTGTGACGAGGAGTGTTCTGAAGTAGAGGCTTCAGATTTAGAAGAAGG
"
[47],"TGAATCAGAGTGCATTTCTGAGACTTCAACTGAACAAGTTGACGTTTCTCATGAGACTTCTGACGACGAG
"
[48],"TGGGCTGCTGCAGTTGATGAAGCGTTCCCTCTCGATGAAGCAGAAGATGTTACTGAATCTGTGCAAGAAG
"
[49],"AAGCACAACCAGTAGAAGTACCTGTTGAAGATATTGCGCAGGTTGTCATAGCTGACACCTTACAGGAAAC
"
[50],"TCCTGTTGTGCCTGATACTGTTGAAGTCCCACCGCAAGTGGTGAAACTTCCGTCTGCACCTCAGACTATC
"
[51],"CAGCCCGAGGTAAAAGAAGTTGCACCTGTCTATGAGGCTGATACCGAACAGACACAGAATGTTACTGTTA
"
[52],"AACCTAAGAGGTTACGCAAAAAGCGTAATGTTGACCCTTTGTCCAATTTTGAACATAAGGTTATTACAGA
"
[53],"GTGCGTTACCATAGTTTTAGGTGACGCAATTCAAGTAGCCAAGTGCTATGGGGAGTCTGTGTTAGTTAAT
"
[54],"GCTGCTAACACACATCTTAAGCATGGCGGTGGTATCGCTGGTGCTATTAATGCGGCTTCAAAAGGGGCTG
"
[55],"TCCAAAAAGAGTCAGATGAGTATATTCTGGCTAAAGGGCCGTTACAAGTAGGAGATTCAGTTCTCTTGCA
"
[56],"AGGCCATTCTCTAGCTAAGAATATCCTGCATGTCGTAGGCCCAGATGCCCGCGCTAAACAGGATGTTTCT
"
[57],"CTCCTTAGTAAGTGCTATAAGGCTATGAATGCATATCCTCTTGTAGTCACTCCTCTTGTTTCAGCAGGCA
"
[58],"TATTTGGTGTAAAACCAGCTGTGTCTTTTGATTATCTTATTAGGGAGGCTAAGACTAGAGTTTTAGTCGT
"
[59],"CGTTAATTCCCAAGATGTCTATAAGAGTCTTACCATAGTTGACATTCCACAGAGTTTGACTTTTTCATAT
"
[60],"GATGGGTTACGTGGCGCAATACGTAAAGCTAAAGATTATGGTTTTACTGTTTTTGTGTGCACAGACAACT
"
[61],"CTGCTAACACTAAAGTTCTTAGGAACAAGGGTGTTGATTATACTAAGAAGTTTCTTACAGTTGACGGTGT
"
[62],"GCAATATTATTGCTACACGTCTAAGGACACTTTAGATGATATCTTACAACAGGCTAATAAGTCTGTTGGT
"
[63],"ATTATATCTATGCCTTTGGGATATGTGTCTCATGGTTTAGACTTAATGCAAGCAGGGAGTGTCGTGCGTA
"
[64],"GAGTTAACGTGCCCTACGTGTGTCTCCTAGCTAATAAAGAGCAAGAAGCTATTTTGATGTCTGAAGACGT
"
[65],"TAAGTTAAACCCTTCAGAAGATTTTATAAAGCACGTCCGCACTAATGGTGGTTACAATTCTTGGCATTTA
"
[66],"GTCGAGGGTGAACTATTGGTGCAAGACTTACGCTTAAATAAGCTCCTGCATTGGTCTGATCAAACCATAT
"
[67],"GCTACAAGGATAGTGTGTTTTATGTTGTAAAGAATAGTACAGCTTTTCCATTTGAAACACTTTCAGCATG
"
[68],"TCGTGCGTATTTGGATTCACGCACGACACAGCAGTTAACAATCGAAGTCTTAGTGACTGTCGATGGTGTA
"
[69],"AATTTTAGAACAGTCGTTCTAAATAATAAGAACACTTATAGATCACAGCTTGGATGCGTTTTCTTTAATG
"
[70],"GTGCTGATATTTCTGACACCATTCCTGATGAGAAACAGAATGGTCACAGTTTATATCTAGCAGACAATTT
"
[71],"GACTGCTGATGAAACAAAGGCGCTTAAAGAGTTATATGGCCCCGTTGATCCTACTTTCTTACACAGATTC
"
[72],"TATTCACTTAAGGCTGCAGTCCATGGGTGGAAGATGGTTGTGTGTGATAAGGTACGTTCTCTCAAATTGA
"
[73],"GTGATAATAATTGTTATCTTAATGCAGTTATTATGACACTTGATTTATTGAAGGACATTAAATTTGTTAT
"
[74],"ACCTGCTCTACAGCATGCATTTATGAAACATAAGGGCGGTGATTCAACTGACTTCATAGCCCTCATTATG
"
[75],"GCTTATGGCAATTGCACATTTGGTGCTCCAGATGATGCCTCTCGGTTACTTCATACCGTGCTTGCAAAGG
"
[76],"CTGAGTTATGCTGTTCTGCACGCATGGTTTGGAGAGAGTGGTGCAATGTCTGTGGCATAAAAGATGTTGT
"
[77],"TCTACAAGGCTTAAAAGCTTGTTGTTACGTGGGTGTGCAAACTGTTGAAGATCTGCGTGCTCGCATGACA
"
[78],"TATGTATGCCAGTGTGGTGGTGAACGTCATCGGCAATTAGTCGAACACACCACCCCCTGGTTGCTGCTCT
"
[79],"CAGGCACACCAAATGAAAAATTGGTGACAACCTCCACGGCGCCTGATTTTGTAGCATTTAATGTCTTTCA
"
[80],"GGGCATTGAAACGGCTGTTGGCCATTATGTTCATGCTCGCCTGAAGGGTGGTCTTATTTTAAAGTTTGAC
"
[81],"TCTGGCACCGTTAGCAAGACTTCAGACTGGAAGTGCAAGGTGACAGATGTACTTTTCCCCGGCCAAAAAT
"
[82],"ACAGTAGCGATTGTAATGTCGTACGGTATTCTTTGGACGGTAATTTCAGAACAGAGGTTGATCCCGACCT
"
[83],"ATCTGCTTTCTATGTTAAGGATGGTAAATACTTTACAAGTGAACCACCCGTAACATATTCACCAGCTACA
"
[84],"ATTTTAGCTGGTAGTGTCTACACTAATAGCTGCCTTGTATCGTCTGATGGACAACCTGGCGGTGATGCTA
"
[85],"TTAGTTTGAGTTTTAATAACCTTTTAGGGTTTGATTCTAGTAAACCAGTCACTAAGAAATACACTTACTC
"
[86],"CTTCTTGCCTAAAGAAGACGGCGATGTGTTGTTGGCTGAGTTTGACACTTATGACCCTATTTATAAGAAT
"
[87],"GGTGCCATGTATAAAGGCAAACCAATTCTTTGGGTCAATAAAGCATCTTATGATACTAATCTTAATAAGT
"
[88],"TCAATAGAGCTAGTTTGCGTCAAATTTTTGACGTAGCCCCCATTGAACTCGAAAATAAATTCACACCTTT
"
[89],"GAGTGTGGAGTCTACACCAGTTGAACCTCCAACTGTAGATGTGGTAGCACTTCAACAGGAAATGACAATT
"
[90],"GTCAAATGTAAGGGTTTAAATAAACCTTTCGTGAAGGACAATGTCAGTTTCGTTGCTGATGATTCAGGTA
"
[91],"CTCCCGTTGTTGAGTATCTGTCTAAAGAAGACCTACATACATTGTATGTAGACCCTAAGTATCAAGTCAT
"
[92],"TGTCTTAAAAGACAATGTACTTTCTTCTATGCTTAGATTGCACACCGTTGAGTCAGGTGATATTAACGTT
"
[93],"GTTGCAGCTTCCGGATCTTTGACACGTAAAGTGAAGTTACTATTTAGGGCTTCATTTTATTTCAAAGAAT
"
[94],"TTGCTACCCGCACTTTCACTGCTACCACTGCTGTAGGTAGTTGTATAAAGAGTGTAGTGCGGCATCTAGG
"
[95],"TGTTACTAAAGGCATATTGACAGGCTGTTTTAGTTTTGCCAAGATGTTATTTATGCTTCCACTAGCTTAC
"
[96],"TTTAGTGATTCAAAACTCGGCACCACAGAGGTTAAAGTGAGTGCTTTGAAAACAGCCGGCGTTGTGACAG
"
[97],"GTAATGTTGTAAAACAGTGTTGCACTGCTGCTGTTGATTTAAGTATGGATAAGTTGCGCCGTGTGGATTG
"
[98],"GAAATCAACCCTACGGTTGTTACTTATGTTATGCACAACTATGGTATTGTTGTCTTCTGTGTATCACTTG
"
[99],"TATGTCTTCAATCAGGTCTTATCAAGTGATGTTATGTTTGAAGATGCCCAAGGTTTGAAAAAGTTCTACA
"
[100],"AAGAAGTTAGAGCTTACCTAGGAATCTCTTCTGCTTGTGACGGTCTTGCTTCAGCTTATAGGGCGAATTC
"
[101],"CTTTGATGTACCTACATTCTGCGCAAACCGTTCTGCAATGTGTAATTGGTGCTTGATTAGCCAAGATTCC
"
[102],"ATAACTCACTACCCAGCTCTTAAGATGGTTCAAACACATCTTAGCCACTATGTTCTTAACATAGATTGGT
"
[103],"TGTGGTTTGCATTTGAGACTGGTTTGGCATACATGCTCTATACCTCGGCCTTCAACTGGTTGTTGTTGGC
"
[104],"AGGTACATTGCATTATTTCTTTGCACAGACTTCCATATTTGTAGACTGGCGGTCATACAATTATGCTGTG
"
[105],"TCTAGTGCCTTCTGGTTATTCACCCACATTCCAATGGCGGGTTTGGTACGAATGTATAATTTGTTAGCAT
"
[106],"GCCTTTGGCTTTTACGCAAGTTTTATCAGCATGTAATCAATGGTTGCAAAGATACGGCATGCTTGCTCTG
"
[107],"CTATAAGAGGAACCGACTTACTAGAGTTGAAGCTTCTACCGTTGTCTGTGGTGGAAAACGTACGTTTTAT
"
[108],"ATCACAGCAAATGGCGGTATTTCATTCTGTCGTAGGCATAATTGGAATTGTGTGGATTGTGACACTGCAG
"
[109],"GTGTGGGGAATACCTTCATCTGTGAAGAAGTCGCAAATGACCTCACTACCGCCCTACGCAGGCCTATTAA
"
[110],"CGCTACGGATAGATCACATTATTATGTGGATTCCGTTACAGTTAAAGAGACTGTTGTTCAGTTTAATTAT
"
[111],"CGTAGAGACGGTCAACCATTCTACGAGCGGTTTCCCCTCTGCGCTTTTACAAATCTAGATAAGTTGAAGT
"
[112],"TCAAAGAGGTCTGTAAAACTACTACTGGTATACCTGAATACAACTTTATCATCTACGACTCATCAGATCG
"
[113],"TGGCCAGGAAAGTTTAGCTAGGTCTGCATGTGTTTATTATTCTCAAGTCTTGTGTAAATCAATTCTTTTG
"
[114],"GTTGACTCAAGTTTGGTTACTTCTGTTGGTGATTCTAGTGAAATCGCCACTAAAATGTTTGATTCCTTTG
"
[115],"TTAATAGTTTCGTCTCGCTGTATAATGTCACACGCGATAAGTTGGAAAAACTTATCTCTACTGCTCGTGA
"
[116],"TGGCGTAAGGCGAGGCGATAACTTCCATAGTGTCTTAACAACATTCATTGACGCAGCACGAGGCCCCGCA
"
[117],"GGTGTGGAGTCTGATGTTGAGACCAATGAAATTGTTGACTCTGTGCAGTATGCTCATAAACATGACATAC
"
[118],"AAATTACTAATGAGAGCTACAATAATTATGTACCCTCATATGTTAAACCTGATAGTGTGTCTACCAGCGA
"
[119],"TTTAGGTAGTCTCATTGATTGTAATGCGGCTTCAGTTAACCAAATTGTCTTGCGTAATTCTAATGGTGCT
"
[120],"TGCATTTGGAACGCTGCTGCATATATGAAACTCTCGGATGCACTTAAACGACAGATTCGCATTGCATGCC
"
[121],"GTAAGTGTAATTTAGCTTTCCGGTTAACCACCTCAAAGCTACGCGCTAATGATAATATCTTATCAGTTAG
"
[122],"ATTCACTGCTAACAAAATTGTTGGTGGTGCTCCTACATGGTTTAATGCGTTGCGTGACTTTACGTTAAAG
"
[123],"GGTTATGTTCTTGCTACCATTATTGTGTTTCTGTGTGCTGTACTGATGTATTTGTGTTTACCTACATTTT
"
[124],"CTATGGCACCTGTTGAATTTTATGAAGACCGCATCTTGGACTTTAAAGTTCTTGATAATGGTATCATTAG
"
[125],"GGATGTAAATCCTGATGATAAGTGCTTTGCTAATAAGCACCGGTCCTTCACACAATGGTATCATGAGCAT
"
[126],"GTTGGTGGTGTCTATGACAACTCTATCACATGCCCATTGACAGTTGCAGTAATTGCTGGAGTTGCTGGTG
"
[127],"CTCGCATTCCAGACGTACCTACTACATTGGCTTGGGTGAACAATCAGATAATTTTCTTTGTTTCTCGAGT
"
[128],"CTTTGCTAATACAGGCAGTGTTTGCTACACTCCTATAGATGAGATACCCTATAAGAGTTTCTCTGATAGT
"
[129],"GGTTGCATTCTTCCATCTGAGTGCACTATGTTTAGGGATGCAGAGGGCCGTATGACACCATACTGCCATG
"
[130],"ATCCTACTGTTTTGCCTGGGGCTTTTGCGTACAGTCAGATGAGGCCTCATGTTCGTTACGACTTGTATGA
"
[131],"TGGTAACATGTTTATTAAATTTCCTGAAGTAGTATTTGAAAGTACACTTAGGATTACTAGAACTCTGTCA
"
[132],"ACTCAGTACTGCCGGTTCGGTAGTTGTGAGTATGCACAAGAGGGTGTTTGTATTACCACAAATGGCTCGT
"
[133],"GGGCCATTTTTAATGACCACCATCTTAATAGACCTGGTGTCTATTGTGGCTCTGATTTTATTGACATTGT
"
[134],"CAGGCGGTTAGCAGTATCACTGTTCCAGCCTATTACTTATTTCCAATTGACTACCTCATTGGTCTTGGGT
"
[135],"ATAGGTTTGTGTGCGTTCCTGACTTTGCTCTTCTATTATATTAATAAAGTAAAACGTGCTTTTGCAGATT
"
[136],"ACACCCAGTGTGCTGTAATTGCTGTTGTTGCTGCTGTTCTTAATAGCTTGTGCATCTGCTTTGTTACCTC
"
[137],"TATACCATTGTGTATAGTACCTTACACTGCATTGTACTATTATGCTACATTCTATTTTACTAATGAGCCT
"
[138],"GCATTTATTATGCATGTTTCTTGGTACATTATGTTCGGGCCTATCGTTCCCATATGGATGACCTGCGTCT
"
[139],"ATACAGTTGCAATGTGCTTTAGACACTTCTTCTGGGTTTTAGCTTATTTTAGTAAGAAACATGTAGAAGT
"
[140],"TTTTACTGATGGTAAGCTTAATTGTAGTTTCCAGGACGCTGCCTCTAATATCTTTGTTATTAACAAGGAC
"
[141],"ACTTATGCAGCTCTTAGAAACTCTTTAACTAATGATGCCTATTCACGATTTTTGGGGTTGTTTAACAAGT
"
[142],"ATAAGTACTTCTCTGGTGCTATGGAAACAGCCGCTTATCGTGAAGCTGCAGCATGTCATCTTGCTAAAGC
"
[143],"CTTACAAACATACAGCGAGACTGGTAGTGATCTTCTTTACCAACCACCCAACTGTAGCATAACCTCTGGC
"
[144],"GTGTTGCAAAGCGGTTTGGTGAAAATGTCACATCCCAGTGGAGATGTTGAGGCTTGTATGGTTCAGGTTA
"
[145],"CCTGCGGTAGCATGACTCTTAATGGTCTTTGGCTTGACAACACAGTCTGGTGCCCACGACACGTAATGTG
"
[146],"CCCGGCTGACCAGTTGTCTGATCCTAATTATGATGCCTTGTTGATTTCTATGACTAATCATAGTTTCAGT
"
[147],"GTGCAAAAACACATTGGCGCTCCAGCAAACTTGCGTGTTGTTGGTCATGCCATGCAAGGCACTCTTTTGA
"
[148],"AGTTGACTGTCGATGTTGCTAACCCTAGCACTCCAGCCTACACTTTTACAACAGTGAAACCTGGCGCAGC
"
[149],"ATTTAGTGTGTTAGCATGCTATAATGGTCGTCCGACTGGTACATTCACTGTTGTAATGCGCCCTAACTAC
"
[150],"ACAATTAAGGGTTCCTTTCTGTGTGGTTCTTGTGGTAGTGTTGGTTACACCAAGGAGGGTAGTGTGATCA
"
[151],"ATTTCTGTTACATGCATCAAATGGAACTTGCTAATGGTACACATACCGGTTCAGCATTTGATGGTACTAT
"
[152],"GTATGGTGCCTTTATGGATAAACAAGTGCACCAAGTTCAGTTAACAGACAAATACTGCAGTGTTAATGTA
"
[153],"GTAGCTTGGCTTTACGCAGCAATACTTAATGGTTGCGCTTGGTTTGTAAAACCTAATCGCACTAGTGTTG
"
[154],"TTTCTTTTAATGAATGGGCTCTTGCCAACCAATTCACTGAATTTGTTGGCACTCAATCCGTTGACATGTT
"
[155],"AGCTGTCAAAACAGGCGTTGCTATTGAACAGCTGCTTTATGCGATCCAACAACTGTATACTGGGTTCCAG
"
[156],"GGAAAGCAAATCCTTGGCAGTACCATGTTGGAAGATGAATTCACACCTGAGGATGTTAATATGCAGATTA
"
[157],"TGGGTGTGGTTATGCAGAGTGGTGTGAGAAAAGTTACATATGGTACTGCGCATTGGTTGTTTGCGACCCT
"
[158],"TGTCTCAACCTATGTGATAATCTTACAAGCCACTAAATTTACTTTGTGGAACTACTTGTTTGAGACTATT
"
[159],"CCCACACAGTTGTTCCCACTCTTATTTGTGACTATGGCCTTCGTTATGTTGTTGGTTAAACACAAACACA
"
[160],"CCTTTTTGACACTTTTCTTGTTGCCTGTGGCTATTTGTTTGACTTATGCAAACATAGTCTACGAGCCCAC
"
[161],"TACTCCCATTTCGTCAGCGCTGATTGCAGTTGCAAATTGGCTTGCCCCCACTAATGCTTATATGCGCACT
"
[162],"ACACATACTGATATTGGTGTCTACATTAGTATGTCACTTGTATTAGTCATTGTAGTGAAGAGATTGTACA
"
[163],"ACCCATCACTTTCTAACTTTGCGTTAGCATTGTGCAGTGGTGTAATGTGGTTGTACACTTATAGCATTGG
"
[164],"AGAAGCCTCAAGCCCCATTGCCTATCTGGTTTTTGTCACTACACTCACTAGTGATTATACGATTACAGTC
"
[165],"TTTGTTACTGTCAACCTTGCAAAAGTTTGCACTTATGCCATCTTTGCTTACTCACCACAGCTTACACTTG
"
[166],"TGTTTCCGGAAGTGAAGATGATACTTTTATTATACACATGTTTAGGTTTCATGTGTACTTGCTATTTTGG
"
[167],"TGTCTTCTCTCTTTTGAACCTTAAGCTTAGAGCACCTATGGGTGTCTATGACTTTAAGGTCTCAACACAA
"
[168],"GAGTTCAGATTCATGACTGCTAACAATCTAACTGCACCTAGAAATTCTTGGGAGGCTATGGCTCTGAACT
"
[169],"TTAAGTTAATAGGTATTGGCGGTACACCTTGTATAAAGGTTGCTGCTATGCAGTCTAAACTTACAGATCT
"
[170],"TAAATGCACATCTGTGGTTCTCCTCTCTGTGCTCCAACAGTTACACTTAGAGGCTAATAGTAGGGCCTGG
"
[171],"GCTTTCTGTGTTAAATGCCATAATGATATATTGGCAGCAACAGACCCCAGTGAGGCTTTCGAGAAATTCG
"
[172],"TAAGTCTCTTTGCTACTTTAATGACTTTTTCTGGTAATGTAGATCTTGATGCGTTAGCTAGTGATATTTT
"
[173],"TGACACTCCTAGCGTACTTCAAGCTACTCTTTCTGAGTTTTCACACTTAGCTACCTTTGCTGAGTTGGAA
"
[174],"GCTGCGCAGAAAGCCTATCAGGAAGCTATGGACTCTGGTGACACCTCACCACAAGTTCTTAAGGCTTTGC
"
[175],"AGAAGGCTGTTAATATAGCTAAAAACGCCTATGAGAAGGATAAGGCAGTGGCCCGTAAGTTAGAACGTAT
"
[176],"GGCTGATCAGGCTATGACTTCTATGTATAAGCAAGCACGTGCTGAAGACAAGAAAGCAAAAATTGTCAGT
"
[177],"GCTATGCAAACTATGTTGTTTGGTATGATTAAGAAGCTCGACAACGATGTTCTTAATGGTATCATTTCTA
"
[178],"ACGCTAGGAATGGTTGTATACCTCTTAGTGTCATCCCACTGTGTGCTTCAAATAAACTTCGCGTTGTAAT
"
[179],"TCCTGACTTCACCGTCTGGAATCAGGTAGTCACATATCCCTCGCTTAACTACGCTGGGGCTTTGTGGGAC
"
[180],"ATTACAGTTATAAACAATGTGGACAATGAAATTGTTAAGTCTTCAGATGTTGTAGACAGCAATGAAAATT
"
[181],"TAACATGGCCACTTGTTTTAGAATGCACTAGGGCATCCACTTCTGCCGTTAAGTTGCAAAATAATGAGAT
"
[182],"CAAACCTTCAGGTCTAAAAACCATGGTTGTGTCTGCGGGTCAAGAGCAAACTAACTGTAATACTAGTTCC
"
[183],"TTAGCTTATTACGAACCTGTGCAGGGTCGTAAAATGCTGATGGCTCTTCTTTCTGATAATGCCTATCTCA
"
[184],"AATGGGCGCGTGTTGAAGGTAAGGACGGATTTGTCAGTGTAGAGCTACAACCTCCTTGCAAATTCTTGAT
"
[185],"TGCGGGACCAAAAGGACCTGAAATCCGATATCTCTATTTTGTTAAAAATCTTAACAACCTTCATCGCGGG
"
[186],"CAAGTGTTAGGGCACATTGCTGCGACTGTTAGATTGCAAGCTGGTTCTAACACCGAGTTTGCCTCTAATT
"
[187],"CCTCGGTGTTGTCACTTGTTAACTTCACCGTTGATCCTCAAAAAGCTTATCTCGATTTCGTCAATGCGGG
"
[188],"AGGTGCCCCATTGACAAATTGTGTTAAGATGCTTACTCCTAAAACTGGTACAGGTATAGCTATATCTGTT
"
[189],"AAACCAGAGAGTACAGCTGATCAAGAGACTTATGGTGGAGCTTCAGTGTGTCTCTATTGCCGTGCGCATA
"
[190],"TAGAACATCCTGATGTCTCTGGTGTTTGTAAATATAAGGGTAAGTTTGTCCAAATCCCTGCTCAGTGTGT
"
[191],"CCGTGACCCTGTGGGATTTTGTTTGTCAAATACCCCCTGTAATGTCTGTCAATATTGGATTGGATATGGG
"
[192],"TGCAATTGTGACTCGCTTAGGCAAGCAGCACTGCCCCAATCTAAAGATTCCAATTTTTTAAACGAGTCCG
"
[193],"GGGTTCTATTGTAAATGCCCGAATAGAACCCTGTTCAAGTGGTTTGTCCACTGATGTCGTCTTTAGGGCA
"
[194],"TTTGACATCTGCAACTATAAGGCTAAGGTTGCTGGTATTGGAAAATACTACAAGACTAATACTTGTAGGT
"
[195],"TTGTAGAATTAGATGACCAAGGGCATCATTTAGACTCCTATTTTGTCGTTAAGAGGCATACTATGGAGAA
"
[196],"TTATGAACTAGAGAAGCACTGTTACGACTTGTTACGTGACTGTGATGCTGTAGCTCCCCATGATTTCTTC
"
[197],"ATCTTTGATGTAGACAAAGTTAAAACACCTCATATTGTACGTCAGCGTTTAACTGAGTACACTATGATGG
"
[198],"ATCTTGTATATGCCCTGAGGCACTTTGATCAAAATAGCGAAGTGCTTAAGGCTATCTTAGTGAAGTATGG
"
[199],"TTGCTGTGATGTTACCTACTTTGAAAATAAACTCTGGTTTGATTTTGTTGAAAATCCCAGTGTTATTGGT
"
[200],"GTTTATCATAAACTTGGAGAACGTGTACGCCAAGCTATCTTAAACACTGTTAAATTTTGTGACCACATGG
"
[201],"TCAAGGCTGGTTTAGTCGGTGTGCTCACACTAGACAACCAGGACCTTAATGGCAAGTGGTATGATTTTGG
"
[202],"TGACTTCGTAATCACTCAACCTGGTTCAGGAGTAGCTATAGTTGATAGCTACTATTCTTATTTGATGCCT
"
[203],"GTGCTCTCAATGACCGATTGTCTGGCCGCTGAGACACATAGGGATTGTGATTTTAATAAACCACTCATTG
"
[204],"AGTGGCCACTTACTGAGTATGATTTTACTGATTATAAGGTACAACTCTTTGAGAAGTACTTTAAATATTG
"
[205],"GGATCAGACGTATCACGCAAATTGCGTTAATTGTACTGATGACCGTTGTGTGTTACATTGTGCTAATTTC
"
[206],"AATGTATTGTTTGCTATGACCATGCCTAAGACTTGTTTCGGACCCATAGTCCGAAAGATCTTTGTTGATG
"
[207],"GCGTGCCATTTGTAGTATCTTGTGGTTATCACTACAAAGAATTAGGTTTAGTCATGAATATGGATGTTAG
"
[208],"TCTCCATAGACATAGGCTCTCTCTTAAGGAGTTGATGATGTATGCCGCTGATCCAGCCATGCACATTGCC
"
[209],"TCCTCTAACGCTTTTCTTGATTTGAGGACATCATGTTTTAGTGTCGCTGCACTTACAACTGGTTTGACTT
"
[210],"TTCAAACTGTGCGGCCTGGCAATTTTAACCAAGACTTCTATGATTTCGTGGTATCTAAAGGTTTCTTTAA
"
[211],"GGAGGGCTCTTCAGTGACGCTCAAACATTTTTTCTTTGCTCAAGATGGTAATGCTGCTATTACAGATTAT
"
[212],"AATTACTATTCTTATAATCTGCCTACTATGTGTGACATCAAACAAATGTTGTTCTGCATGGAAGTTGTAA
"
[213],"ACAAGTACTTCGAAATCTATGACGGTGGTTGTCTTAATGCTTCTGAAGTGGTTGTTAATAATTTAGACAA
"
[214],"GAGTGCTGGCCATCCTTTTAATAAGTTTGGCAAAGCTCGTGTCTATTATGAGAGCATGTCTTACCAGGAG
"
[215],"CAAGATGAACTTTTTGCCATGACAAAGCGTAACGTCATTCCTACCATGACTCAAATGAATCTAAAATATG
"
[216],"CTATTAGTGCTAAGAATAGAGCTCGCACTGTTGCAGGCGTGTCCATACTTAGCACAATGACTAATCGCCA
"
[217],"GTACCATCAGAAAATGCTTAAGTCCATGGCTGCAACTCGTGGAGCGACTTGCGTCATTGGTACTACAAAG
"
[218],"TTCTACGGTGGCTGGGATTTCATGCTTAAAACATTGTACAAAGATGTTGATAATCCGCATCTTATGGGTT
"
[219],"GGGATTACCCTAAGTGTGATAGAGCTATGCCTAATATGTGTAGAATCTTCGCTTCACTCATATTAGCTCG
"
[220],"TAAACATGGCACTTGTTGTACTACAAGGGACAGATTTTATCGCTTGGCAAATGAGTGTGCTCAGGTGCTA
"
[221],"AGCGAATATGTTCTATGTGGTGGTGGTTACTACGTCAAACCTGGAGGTACCAGTAGCGGAGATGCCACCA
"
[222],"CTGCATATGCCAATAGTGTCTTTAACATTTTGCAGGCGACAACTGCTAATGTCAGTGCACTTATGGGTGC
"
[223],"TAATGGCAACAAGATTGTTGACAAAGAAGTTAAAGACATGCAGTTTGATTTGTATGTCAATGTTTACAGG
"
[224],"AGCACTAGCCCAGACCCCAAATTTGTTGATAAATACTATGCTTTTCTTAATAAGCACTTTTCTATGATGA
"
[225],"TACTGTCTGATGACGGTGTCGTTTGCTATAATAGTGATTATGCAGCTAAGGGTTACATTGCTGGAATACA
"
[226],"GAATTTTAAGGAAACGCTGTATTATCAGAACAATGTCTTTATGTCTGAAGCTAAATGCTGGGTGGAAACC
"
[227],"GATCTGAAGAAAGGGCCACATGAATTCTGTTCACAGCATACGCTTTATATTAAGGATGGCGACGATGGTT
"
[228],"ACTTCCTTCCTTATCCAGACCCTTCAAGAATTTTGTCTGCCGGTTGCTTTGTAGATGATATCGTTAAGAC
"
[229],"TGACGGTACACTCATGGTAGAGCGGTTTGTGTCTTTGGCTATAGATGCTTACCCTCTCACAAAGCATGAA
"
[230],"GATATAGAATACCAGAATGTATTCTGGGTCTACTTACAGTATATAGAAAAACTGTATAAAGACCTTACAG
"
[231],"GACACATGCTTGACAGTTATTCTGTCATGCTATGTGGTGATAATTCTGCTAAGTTTTGGGAAGAGGCATT
"
[232],"CTATAGAGATCTCTATAGTTCGCCTACCACTTTGCAGGCTGTCGGTTCATGCGTTGTATGCCATTCACAG
"
[233],"ACTTCCCTACGCTGTGGGACATGCATCCGTAGACCATTTCTCTGCTGTAAATGCTGCTATGATCATGTTA
"
[234],"TAGCAACTCCACATAAGATGGTTTTGTCTGTTTCTCCTTACGTTTGTAATGCCCCTGGTTGTGGCGTTTC
"
[235],"AGACGTTACTAAGCTATATTTAGGTGGTATGAGCTACTTTTGTGTAGATCATAGACCTGTGTGTAGTTTT
"
[236],"CCACTTTGCGCTAATGGTCTTGTATTCGGCTTATACAAGAATATGTGCACAGGTAGTCCTTCTATAGTTG
"
[237],"AATTTAATAGGTTGGCTACCTGTGACTGGACTGAAAGTGGTGATTACACCCTTGCCAATACTACAACAGA
"
[238],"ACCACTCAAACTTTTTGCTGCTGAGACTTTACGTGCCACTGAAGAGGCGTCTAAGCAGTCTTATGCTATT
"
[239],"GCCACCATCAAAGAAATTGTTGGTGAGCGCCAACTATTACTTGTGTGGGAGGCTGGCAAGTCCAAACCAC
"
[240],"CACTCAATCGTAATTATGTTTTTACTGGTTATCATATAACCAAAAATAGTAAAGTGCAGCTCGGTGAGTA
"
[241],"CATTTTCGAGCGCATTGATTATAGTGATGCTGTATCCTACAAGTCTAGTACAACGTATAAACTGACTGTA
"
[242],"GGTGACATCTTCGTACTTACCTCTCACTCTGTGGCTACCTTGACGGCGCCCACAATTGTGAATCAAGAGA
"
[243],"GGTATGTTAAAATTACTGGGTTGTACCCAACCATTACGGTACCTGAAGAGTTCGCAAGTCATGTTGCCAA
"
[244],"CTTCCAAAAATCAGGTTATAGTAAATATGTCACTGTTCAGGGACCACCTGGCACTGGCAAAAGTCATTTT
"
[245],"GCTATAGGGTTAGCGATTTACTACCCTACAGCACGTGTTGTTTATACAGCATGTTCACACGCAGCTGTTG
"
[246],"ATGCTTTGTGTGAAAAAGCTTTTAAATATTTGAACATTGCTAAATGTTCCCGTATCATTCCTGCAAAGGC
"
[247],"ACGTGTTGAGTGCTATGACAGGTTTAAAGTTAATGAGACAAATTCTCAATATTTGTTTAGTACTATTAAT
"
[248],"GCTCTACCAGAAACTTCTGCCGATATTCTGGTGGTTGATGAGGTTAGTATGTGCACTAATTATGATCTTT
"
[249],"CAATTATTAATGCACGTATTAAAGCTAAGCACATTGTCTATGTAGGAGATCCAGCACAGTTGCCAGCTCC
"
[250],"TAGGACTTTGTTGACTAGAGGCACATTGGAACCAGAAAATTTCAATAGTGTCACTAGATTGATGTGTAAC
"
[251],"TTAGGTCCTGACATATTTTTAAGTATGTGCTACAGGTGTCCTAAGGAAATAGTAAGCACTGTGAGCGCTC
"
[252],"TTGTCTACAATAATAAATTGTTAGCCAAGAAGGAGCTTTCAGGCCAGTGCTTTAAAATACTCTATAAGGG
"
[253],"CAATGTGACGCATGATGCTAGCTCTGCCATTAATAGACCACAACTCACATTTGTGAAGAATTTTATTACT
"
[254],"GCCAATCCGGCATGGAGTAAGGCAGTCTTTATTTCGCCTTACAATTCACAGAATGCTGTGTCTCGTTCAA
"
[255],"TGCTGGGTCTTACCACTCAGACTGTTGATTCCTCACAGGGTTCAGAATACCAGTACGTTATCTTCTGTCA
"
[256],"AACAGCAGATACGGCACATGCTAACAACATTAACAGATTTAATGTTGCAATCACTCGTGCCCAAAAAGGT
"
[257],"ATTCTTTGTGTTATGACATCTCAGGCACTCTTTGAGTCCTTAGAGTTTACTGAATTGTCTTTTACTAATT
"
[258],"ACAAGCTCCAGTCTCAGATTGTAACTGGCCTTTTTAAAGATTGCTCTAGAGAAACTTCTGGCCTCTCACC
"
[259],"TGCTTATGCACCAACATATGTTAGTGTTGATGACAAGTATAAGACGAGTGATGAGCTTTGCGTGAATCTT
"
[260],"AATTTACCCGCAAATGTCCCATACTCTCGTGTTATTTCCAGGATGGGCTTTAAACTCGATGCAACAGTTC
"
[261],"CTGGATATCCTAAGCTTTTCATTACTCGTGAAGAGGCTGTAAGGCAAGTTCGAAGCTGGATAGGCTTCGA
"
[262],"TGTTGAGGGTGCTCATGCTTCCCGTAATGCATGTGGCACCAATGTGCCTCTACAATTAGGATTTTCAACT
"
[263],"GGTGTGAACTTTGTTGTTCAGCCAGTTGGTGTTGTAGACACTGAGTGGGGTAACATGTTAACGGGCATTG
"
[264],"CTGCACGTCCTCCACCAGGTGAACAGTTTAAGCACCTCGTGCCTCTTATGCATAAGGGGGCTGCGTGGCC
"
[265],"TATTGTTAGACGACGTATAGTGCAAATGTTGTCAGACACTTTAGACAAATTGTCTGATTACTGTACGTTT
"
[266],"GTTTGTTGGGCTCATGGCTTTGAATTAACGTCTGCATCATACTTTTGCAAGATAGGTAAGGAACAGAAGT
"
[267],"GTTGCATGTGCAATAGACGCGCTGCAGCGTACTCTTCACCTCTGCAATCTTATGCCTGCTGGACTCATTC
"
[268],"CTGCGGTTATGATTATGTCTACAACCCTTTCTTTGTCGATGTTCAACAGTGGGGTTATGTAGGCAATCTT
"
[269],"GCTACTAATCACGATCGTTATTGCTCTGTCCATCAAGGAGCTCATGTGGCTTCTAATGATGCAATAATGA
"
[270],"CTCGTTGTTTAGCTATTCATTCTTGTTTTATAGAACGTGTGGATTGGGATATAGAGTATCCTTATATCTC
"
[271],"ACATGAAAAGAAATTGAATTCCTGTTGTAGAATCGTTGAGCGCAACGTCGTACGTGCTGCTCTTCTTGCC
"
[272],"GGTTCATTTGACAAAGTCTATGATATTGGCAATCCTAAAGGAATTCCTATTGTTGATGACCCTGTGGTTG
"
[273],"ATTGGCATTATTTTGATGCACAGCCCTTGACCAGGAAGGTACAACAGCTTTTCTATACAGAGGACATGGC
"
[274],"CTCAAGATTTGCTGATGGGCTCTGCTTATTTTGGAACTGTAATGTACCAAAATATCCTAATAATGCAATT
"
[275],"GTATGCAGGTTTGACACACGTGTGCATTCTGAGTTCAATTTGCCAGGTTGTGATGGCGGTAGTTTGTATG
"
[276],"TTAACAAGCACGCTTTTCATACACCAGCATATGATGTGAGTGCATTCCGTGATCTGAAACCTTTACCATT
"
[277],"CTTTTATTATTCTACTACACCATGTGAAGTGCATGGTAATGGTAGTATGATAGAGGATATTGATTATGTA
"
[278],"CCCCTAAAATCTGCAGTCTGTATTACAGCTTGTAATTTAGGGGGCGCTGTTTGTAGGAAGCATGCTACAG
"
[279],"AGTACAGAGAGTATATGGAAGCATATAATCTTGTCTCTGCATCAGGTTTCCGCCTTTGGTGTTATAAGAC
"
[280],"CTTTGATATTTATAATCTCTGGTCTACTTTTACAAAAGTTCAAGGTTTGGAAAACATTGCTTTTAATGTT
"
[281],"GTTAAACAAGGCCATTTTATTGGTGTTGAGGGTGAACTACCTGTAGCTGTAGTCAATGATAAGATCTTCA
"
[282],"CCAAGAGTGGCGTTAATGACATTTGTATGTTTGAGAATAAAACCACTTTGCCTACTAATATAGCTTTTGA
"
[283],"ACTCTATGCTAAGCGTGCTGTACGCTCGCATCCCGATTTCAAATTGCTACACAATTTACAAGCAGACATT
"
[284],"TGCTACAAGTTCGTCCTTTGGGATTATGAACGTAGCAATATTTATGGTACTGCTACTATTGGTGTATGTA
"
[285],"AGTACACTGATATTGATGTTAATTCAGCTTTGAATATATGTTTTGACATACGCGATAATTGTTCATTGGA
"
[286],"GAAGTTCATGTCTACTCCCAATGCCATCTTTATTTCTGATAGAAAAATCAAGAAATACCCTTGTATGGTA
"
[287],"GGTCCTGATTATGCTTACTTCAATGGTGCTATCATCCGTGATAGTGATGTTGTTAAACAACCAGTGAAGT
"
[288],"TCTACTTGTATAAGAAAGTCAATAATGAGTTTATTGATCCTACTGAGTGTATTTACACTCAGAGTCGCTC
"
[289],"TTGTAGTGACTTCCTACCCCTTTCTGACATGGAGAAAGACTTTCTATCTTTTGATAGTGATGTTTTCATT
"
[290],"AAGAAGTATGGCTTGGAAAACTATGCTTTTGAGCACGTAGTCTATGGAGACTTCTCTCATACTACGTTAG
"
[291],"GCGGTCTTCACTTGCTTATTGGTTTATACAAGAAGCAACAGGAAGGTCATATTATTATGGAAGAAATGCT
"
[292],"AAAAGGTAGCTCAACTATTCATAACTATTTTATTACTGAGACTAACACAGCGGCTTTTAAGGCGGTGTGT
"
[293],"TCTGTTATAGATTTAAAGCTTGACGACTTTGTTATGATTTTAAAGAGTCAAGACCTTGGCGTAGTATCCA
"
[294],"AGGTTGTCAAGGTTCCTATTGACTTAACAATGATTGAGTTTATGTTATGGTGTAAGGATGGACAGGTTCA
"
[295],"AACCTTCTACCCTCGACTCCAGGCTTCTGCAGATTGGAAACCTGGTCATGCAATGCCATCCCTCTTTAAA
"
[296],"GTTCAAAATGTAAACCTTGAACGTTGTGAGCTTGCTAATTACAAGCAATCTATTCCTATGCCTCGCGGTG
"
[297],"TGCACATGAACATCGCTAAATATATGCAATTGTGCCAGTATTTAAATACTTGCACATTAGCCGTGCCTGC
"
[298],"CAATATGCGTGTTATACATTTTGGCGCTGGTTCTGATAAAGGTATCGCTCCTGGTACCTCAGTTTTACGA
"
[299],"CAGTGGCTTCCTACAGATGCCATTATTATAGATAATGATTTAAATGAGTTCGTGTCAGATGCTGACATAA
"
[300],"CTTTATTTGGAGATTGTGTAACTGTACGTGTCGGCCAACAAGTGGATCTTGTTATTTCCGACATGTATGA
"
[301],"TCCTACTACTAAGAATGTAACAGGTAGTAATGAGTCAAAGGCTTTATTCTTTACTTACCTGTGTAACCTC
"
[302],"ATTAATAATAATCTTGCTCTTGGTGGGTCTGTTGCTATTAAAATAACAGAACACTCTTGGAGCGTTGAAC
"
[303],"TTTATGAACTTATGGGAAAATTTGCTTGGTGGACTGTTTTCTGCACCAATGCAAATGCATCCTCATCTGA
"
[304],"AGGATTCCTCTTAGGTATTAATTACTTGGGTACTATTAAAGAAAATATAGATGGTGGTGCTATGCACGCC
"
[305],"AACTATATATTTTGGAGAAATTCCACTCCTATGAATCTGAGTACTTACTCACTTTTTGATTTATCCAAGT
"
[306],"TTCAATTAAAATTAAAAGGAACACCAGTTCTTCAATTAAAGGAGAGTCAAATTAACGAACTCGTAATATC
"
[307],"TCTCCTGTCGCAGGGTAAGTTACTTATCCGTGACAATGATACACTCAGTGTTTCTACTGATGTTCTTGTT
"
[308],"AACACCTACAGAAAGTTACGTTGATGTAGGGCCAGATTCTGTTAAGTCTGCTTGTATTGAGGTTGATATA
"
[309],"CAACAGACTTTCTTTGATAAAACTTGGCCTAGGCCAATTGATGTTTCTAAGGCTGACGGTATTATATACC
"
[310],"CTCAAGGCCGTACATATTCTAACATAACTATCACTTATCAAGGTCTTTTTCCCTATCAGGGAGACCATGG
"
[311],"TGATATGTATGTTTACTCTGCAGGACATGCTACAGGCACAACTCCACAAAAGTTGTTTGTAGCTAACTAT
"
[312],"TCTCAGGACGTCAAACAGTTTGCTAATGGGTTTGTCGTCCGTATAGGAGCAGCTGCCAATTCCACTGGCA
"
[313],"CTGTTATTATTAGCCCATCTACCAGCGCTACTATACGAAAAATTTACCCTGCTTTTATGCTGGGTTCTTC
"
[314],"AGTTGGTAATTTCTCAGATGGTAAAATGGGCCGCTTCTTCAATCATACTCTAGTTCTTTTGCCCGATGGA
"
[315],"TGTGGCACTTTACTTAGAGCTTTTTATTGTATTCTAGAGCCTCGCTCTGGAAATCATTGTCCTGCTGGCA
"
[316],"ATTCCTATACTTCTTTTGCCACTTATCACACTCCTGCAACAGATTGTTCTGATGGCAATTACAATCGTAA
"
[317],"TGCCAGTCTGAACTCTTTTAAGGAGTATTTTAATTTACGTAACTGCACCTTTATGTACACTTATAACATT
"
[318],"ACCGAAGATGAGATTTTAGAGTGGTTTGGCATTACACAAACTGCTCAAGGTGTTCACCTCTTCTCATCTC
"
[319],"GGTATGTTGATTTGTACGGCGGCAATATGTTTCAATTTGCCACCTTGCCTGTTTATGATACTATTAAGTA
"
[320],"TTATTCTATCATTCCTCACAGTATTCGTTCTATCCAAAGTGATAGAAAAGCTTGGGCTGCCTTCTACGTA
"
[321],"TATAAACTTCAACCGTTAACTTTCCTGTTGGATTTTTCTGTTGATGGTTATATACGCAGAGCTATAGACT
"
[322],"GTGGTTTTAATGATTTGTCACAACTCCACTGCTCATATGAATCCTTCGATGTTGAATCTGGAGTTTATTC
"
[323],"AGTTTCGTCTTTCGAAGCAAAACCTTCTGGCTCAGTTGTGGAACAGGCTGAAGGTGTTGAATGTGATTTT
"
[324],"TCACCTCTTCTGTCTGGCACACCTCCTCAGGTTTATAATTTCAAGCGTTTGGTTTTTACCAATTGCAATT
"
[325],"ATAATCTTACCAAATTGCTTTCACTTTTTTCTGTGAATGATTTTACTTGTAGTCAAATATCTCCAGCAGC
"
[326],"AATTGCTAGCAACTGTTATTCTTCACTGATTTTGGATTACTTTTCATACCCACTTAGTATGAAATCCGAT
"
[327],"CTCAGTGTTAGTTCTGCTGGTCCAATATCCCAGTTTAATTATAAACAGTCCTTTTCTAATCCCACATGTT
"
[328],"TGATTTTAGCGACTGTTCCTCATAACCTTACTACTATTACTAAGCCTCTTAAGTACAGCTATATTAACAA
"
[329],"GTGCTCTCGTCTTCTTTCTGATGATCGTACTGAAGTACCTCAGTTAGTGAACGCTAATCAATACTCACCC
"
[330],"TGTGTATCCATTGTCCCATCCACTGTGTGGGAAGACGGTGATTATTATAGGAAACAACTATCTCCACTTG
"
[331],"AAGGTGGTGGCTGGCTTGTTGCTAGTGGCTCAACTGTTGCCATGACTGAGCAATTACAGATGGGCTTTGG
"
[332],"TATTACAGTTCAATATGGTACAGACACCAATAGTGTTTGCCCCAAGCTTGAATTTGCTAATGACACAAAA
"
[333],"ATTGCCTCTCAATTAGGCAATTGCGTGGAATATTCCCTCTATGGTGTTTCGGGCCGTGGTGTTTTTCAGA
"
[334],"ATTGCACAGCTGTAGGTGTTCGACAGCAGCGCTTTGTTTATGATGCGTACCAGAATTTAGTTGGCTATTA
"
[335],"TTCTGATGATGGCAACTACTACTGTTTGCGTGCTTGTGTTAGTGTTCCTGTTTCTGTCATCTATGATAAA
"
[336],"GAAACTAAAACCCACGCTACTCTATTTGGTAGTGTTGCATGTGAACACATTTCTTCTACCATGTCTCAAT
"
[337],"ACTCCCGTTCTACGCGATCAATGCTTAAACGGCGAGATTCTACATATGGCCCCCTTCAGACACCTGTTGG
"
[338],"TTGTGTCCTAGGACTTGTTAATTCCTCTTTGTTCGTAGAGGACTGCAAGTTGCCTCTTGGTCAATCTCTC
"
[339],"TGTGCTCTTCCTGACACACCTAGTACTCTCACACCTCGCAGTGTGCGCTCTGTTCCAGGTGAAATGCGCT
"
[340],"TGGCATCCATTGCTTTTAATCATCCTATTCAGGTTGATCAACTTAATAGTAGTTATTTTAAATTAAGTAT
"
[341],"ACCCACTAATTTTTCCTTTGGTGTGACTCAGGAGTACATTCAGACAACCATTCAGAAAGTTACTGTTGAT
"
[342],"TGTAAACAGTACGTTTGCAATGGTTTCCAGAAGTGTGAGCAATTACTGCGCGAGTATGGCCAGTTTTGTT
"
[343],"CCAAAATAAACCAGGCTCTCCATGGTGCCAATTTACGCCAGGATGATTCTGTACGTAATTTGTTTGCGAG
"
[344],"CGTGAAAAGCTCTCAATCATCTCCTATCATACCAGGTTTTGGAGGTGACTTTAATTTGACACTTCTAGAA
"
[345],"CCTGTTTCTATATCTACTGGCAGTCGTAGTGCACGTAGTGCTATTGAGGATTTGCTATTTGACAAAGTCA
"
[346],"CTATAGCTGATCCTGGTTATATGCAAGGTTACGATGATTGCATGCAGCAAGGTCCAGCATCAGCTCGTGA
"
[347],"TCTTATTTGTGCTCAATATGTGGCTGGTTACAAAGTATTACCTCCTCTTATGGATGTTAATATGGAAGCC
"
[348],"GCGTATACTTCATCTTTGCTTGGCAGCATAGCAGGTGTTGGCTGGACTGCTGGCTTATCCTCCTTTGCTG
"
[349],"CTATTCCATTTGCACAGAGTATCTTTTATAGGTTAAACGGTGTTGGCATTACTCAACAGGTTCTTTCAGA
"
[350],"GAACCAAAAGCTTATTGCCAATAAGTTTAATCAGGCTCTGGGAGCTATGCAAACAGGCTTCACTACAACT
"
[351],"AATGAAGCTTTTCAGAAGGTTCAGGATGCTGTGAACAACAATGCACAGGCTCTATCCAAATTAGCTAGCG
"
[352],"AGCTATCTAATACTTTTGGTGCTATTTCCGCCTCTATTGGAGACATCATACAACGTCTTGATGTTCTCGA
"
[353],"ACAGGACGCCCAAATAGACAGACTTATTAATGGCCGTTTGACAACACTAAATGCTTTTGTTGCACAGCAG
"
[354],"CTTGTTCGTTCCGAATCAGCTGCTCTTTCCGCTCAATTGGCTAAAGATAAAGTCAATGAGTGTGTCAAGG
"
[355],"CACAATCCAAGCGTTCTGGATTTTGCGGTCAAGGCACACATATAGTGTCCTTTGTTGTAAATGCCCCTAA
"
[356],"TGGCCTTTACTTCATGCATGTTGGTTATTACCCTAGCAACCACATTGAGGTTGTTTCTGCTTATGGTCTT
"
[357],"TGCGATGCAGCTAACCCTACTAATTGTATAGCCCCTGTTAATGGCTACTTTATTAAAACTAATAACACTA
"
[358],"GGATTGTTGATGAGTGGTCATATACTGGCTCGTCCTTCTATGCACCTGAGCCCATTACCTCCCTTAATAC
"
[359],"TAAGTATGTTGCACCACAGGTGACATACCAAAACATTTCTACTAACCTCCCTCCTCCTCTTCTCGGCAAT
"
[360],"TCCACCGGGATTGACTTCCAAGATGAGTTGGATGAGTTTTTCAAAAATGTTAGCACCAGTATACCTAATT
"
[361],"TTGGTTCCCTAACACAGATTAATACTACATTACTCGATCTTACCTACGAGATGTTGTCTCTTCAACAAGT
"
[362],"TGTTAAAGCCCTTAATGAGTCTTACATAGACCTTAAAGAGCTTGGCAATTATACTTATTACAACAAATGG
"
[363],"CCGTGGTACATTTGGCTTGGTTTCATTGCTGGGCTTGTTGCCTTAGCTCTATGCGTCTTCTTCATACTGT
"
[364],"GCTGCACTGGTTGTGGCACAAACTGTATGGGAAAACTTAAGTGTAATCGTTGTTGTGATAGATACGAGGA
"
[365],"ATACGACCTCGAGCCGCATAAGGTTCATGTTCACTAATTAACGAACTATTAATGAGAGTTCAAAGACCAC
"
[366],"CCACTCTCTTGTTAGTGTTTTCACTCTCTCTTTTGGTCACTGCATCCTCAAAACCTCTCTATGTACCTGA
"
[367],"GCATTGTCAGAATTATTCTGGTTGCATGCTTAGGGCTTGTATTAAAACTGCCCAAGCTGATACAGCTGGT
"
[368],"CTTTATACAAATTTTCGAATTGACGTCCCATCTGCAGAATCAACTGGTACTCAATCAGTTTCTGTCGATC
"
[369],"TTGAGTCAACTTCAACTCATGATGGTCCTACCGAACATGTTACTAGTGTGAATCTTTTTGACGTTGGTTA
"
[370],"CTCAGTTAATTAACGAACTCTATGGATTACGTGTCTCTGCTTAATCAAATTTGGCAGAAGTACCTTAACT
"
[371],"CACCGTATACTACTTGTTTGTACATCCCTAAACCCACAGCTAAGTATACACCTTTAGTTGGCACTTCATT
"
[372],"GCACCCTGTGCTGTGGAACTGTCAGCTATCCTTTGCTGGTTATACTGAATCTGCTGTTAATTCTACAAAA
"
[373],"GCTTTGGCCAAACAGGACGCAGCTCAGCGAATCGCTTGGTTGCTACATAAGGATGGAGGAATCCCTGATG
"
[374],"GATGTTCCCTCTACCTCCGGCACTCAAGTTTATTCGCGCAAAGCGAGGAAGAGGAGCCATTCTCCAACTA
"
[375],"AGAAACTGCGCTACGTTAAGCGTAGATTTTCTCTTCTGCGCCATGAAGACCTTAGTGTTATTGTCCAACC
"
[376],"AACACACTATGTCAGGGTTACATTTTCAGACCCCAACATGTGGTATCTACGTTCGGGTCATCATTTACAC
"
[377],"TCAGTTCACAATTGGCTTAAACCTTATGGCGGCCAACCTGTTTCTGAGTACCATATTACTCTAGCTTTGC
"
[378],"TAAATCTCACTGATGAAGATTTAGCTAGAGATTTTTCACCCATTGCGCTCTTTTTGCGCAATGTCAGATT
"
[379],"TGAGCTACATGAGTTCGCCTTGCTGCGCAAAACTCTTGTTCTTAATGCATCAGAGATCTACTGTGCTAAC
"
[380],"ATACATAGATTTAAGCCTGTGTATAGAGTTAACACGGCAATCCCTACTATTAAGGATTGGCTTCTCGTTC
"
[381],"AGGGATTTTCCCTTTACCATAGTGGCCTCCCTTTACATATGTCAATCTCTAAATTGCATGCACTGGATGA
"
[382],"TGTTACTCGCAATTACATCATTACAATGCCATGCTTTAGAACTTACCCTCAACAAATGTTTGTTACTCCT
"
[383],"TTGGCCGTAGATGTTGTCTCCATACGGTCTTCCAATCAGGGTAATAAACAAATTGTTCATTCTTATCCCA
"
[384],"TTTTACATCATCCAGGATTTTAACGAACTATGGCTTTCTCGGCGTCTTTATTTAAACCCGTCCAGCTAGT
"
[385],"CCCAGTTTCTCCTGCATTTCATCGCATTGAGTCTACTGACTCTATTGTTTTCACATACATTCCTGCTAGC
"
[386],"GGCTATGTAGCTGCTTTAGCTGTCAATGTGTGTCTCATTCCCCTATTATTACTGCTACGTCAAGATACTT
"
[387],"GTCGTCGCAGCATTATCAGAACTATGGTTCTCTATTTCCTTGTTCTGTATAACTTTTTATTAGCCATTGT
"
[388],"ACTAGTCAATGGTGTACATTATCCAACTGGAAGTTGCCTGATAGCCTTCTTAGTTATCCTCATAATACTT
"
[389],"TGGTTTGTAGATAGAATTCGTTTCTGTCTCATGCTGAATTCCTACATTCCACTGTTTGACATGCGTTCCC
"
[390],"ACTTTATTCGTGTTAGTACAGTTTCTTCTCATGGTATGGTCCCTGTAATACACACCAAACCATTATTTAT
"
[391],"TAGAAACTTCGATCAGCGTTGCAGCTGTTCTCGTTGTTTTTATTTGCACTCTTCCACTTATATAGAGTGC
"
[392],"ACTTATATTAGCCGTTTTAGTAAGATTAGCCTAGTTTCTGTAACTGACTTCTCCTTAAACGGCAATGTTT
"
[393],"CCACTGTTTTCGTGCCTGCAACGCGCGATTCAGTTCCTCTTCACATAATCGCCCCGAGCTCGCTTATCGT
"
[394],"TTAAGCAGCTCTGCGCTACTATGGGTCCCGTGTAGAGGCTAATCCATTAGTCTCTCTTTGGACATATGGA
"
[395],"AAACGAACTATGTTACCCTTTGTCCAAGAACGAATAGGGTTGTTCATAGTAAACTTTTTCATTTTTACCG
"
[396],"TAGTATGTGCTATAACACTCTTGGTGTGTATGGCTTTCCTTACGGCTACTAGATTATGTGTGCAATGTAT
"
[397],"GACAGGCTTCAATACCCTGTTAGTTCAGCCCGCATTATACTTGTATAATACTGGACGTTCAGTCTATGTA
"
[398],"AAATTCCAGGATAGTAAACCCCCTCTACCACCTGACGAGTGGGTTTAACGAACTCCTTCATAATGTCTAA
"
[399],"TATGACGCAACTCACTGAGGCGCAGATTATTGCCATTATTAAAGACTGGAACTTTGCATGGTCCCTGATC
"
[400],"TTTCTCTTAATTACTATCGTACTACAGTATGGATACCCATCCCGTAGTATGACTGTCTATGTCTTTAAAA
"
[401],"TGTTTGTTTTATGGCTCCTATGGCCATCTTCCATGGCGCTATCAATATTTAGCGCCGTTTATCCAATTGA
"
[402],"TCTAGCTTCCCAGATAATCTCTGGCATTGTAGCAGCTGTTTCAGCTATGATGTGGATTTCCTACTTTGTG
"
[403],"CAGAGTATCCGGCTGTTTATGAGAACTGGATCATGGTGGTCATTCAATCCTGAGACTAATTGCCTTTTGA
"
[404],"ACGTTCCATTTGGTGGTACAACTGTCGTACGTCCACTCGTAGAGGACTCTACCAGTGTAACTGCTGTTGT
"
[405],"AACCAATGGCCACCTCAAAATGGCTGGCATGCATTTCGGTGCTTGTGACTACGACAGACTTCCTAATGAA
"
[406],"GTCACCGTGGCCAAACCCAATGTGCTGATTGCTTTAAAAATGGTGAAGCGGCAAAGCTACGGAACTAATT
"
[407],"CCGGCGTTGCCATTTACCATAGATATAAGGCAGGTAATTACAGGAGTCCGCCTATTACGGCGGATATTGA
"
[408],"ACTTGCATTGCTTCGAGCTTAGGCTCTTTAGTAAGAGTATCTTAATTGATTTTAACGAATCTCAATTTCA
"
[409],"TTGTTATGGCATCCCCTGCTGCACCTCGTGCTGTTTCCTTTGCCGATAACAATGATATAACAAATACAAA
"
[410],"CCTATCTCGAGGTAGAGGACGTAATCCAAAACCACGAGCTGCACCAAATAACACTGTCTCTTGGTACACT
"
[411],"GGGCTTACCCAACACGGGAAAGTCCCTCTTACCTTTCCACCTGGGCAGGGTGTACCTCTTAATGCCAATT
"
[412],"CTACCCCTGCGCAAAATGCTGGGTATTGGCGGAGACAGGACAGAAAAATTAATACCGGGAATGGAATTAA
"
[413],"GCAACTGGCTCCCAGGTGGTACTTCTACTACACTGGAACTGGACCCGAAGCAGCACTCCCATTCCGGGCT
"
[414],"GTTAAGGATGGCATCGTTTGGGTCCATGAAGATGGCGCCACTGATGCTCCTTCAACTTTTGGGACGCGGA
"
[415],"ACCCTAACAATGATTCAGCTATTGTTACACAATTCGCGCCCGGTACTAAGCTTCCTAAAAACTTCCACAT
"
[416],"TGAGGGGACTGGAGGCAATAGTCAATCATCTTCAAGAGCCTCTAGCTTAAGCAGAAACTCTTCCAGATCT
"
[417],"AGTTCACAAGGTTCAAGATCAGGAAACTCTACCCGCGGCACTTCTCCAGGTCCATCTGGAATCGGAGCAG
"
[418],"TAGGAGGTGATCTACTTTACCTTGATCTTCTGAACAGACTACAAGCCCTTGAGTCTGGCAAAGTAAAGCA
"
[419],"ATCGCAGCCAAAAGTAATCACTAAGAAAGATGCTGCTGCTGCTAAAAATAAGATGCGCCACAAGCGCACT
"
[420],"TCCACCAAAAGTTTCAACATGGTGCAAGCTTTTGGTCTTCGCGGACCAGGAGACCTCCAGGGAAACTTTG
"
[421],"GTGATCTTCAATTGAATAAACTCGGCACTGAGGACCCACGTTGGCCCCAAATTGCTGAGCTTGCTCCTAC
"
[422],"AGCCAGTGCTTTTATGGGTATGTCGCAATTTAAACTTACCCATCAGAACAATGATGATCATGGCAACCCT
"
[423],"GTGTACTTCCTTCGGTACAGTGGAGCCATTAAACTTGACCCAAAGAATCCCAACTACAATAAGTGGTTGG
"
[424],"AGCTTCTTGAGCAAAATATTGATGCCTACAAAACCTTCCCTAAGAAGGAAAAGAAACAAAAGGCACCAAA
"
[425],"AGAAGAATCAACAGACCAAATGTCTGAACCTCCAAAGGAGCAGCGTGTGCAAGGTAGCATCACTCAGCGC
"
[426],"ACTCGCACCCGTCCAAGTGTTCAGCCTGGTCCAATGATTGATGTTAACACTGATTAGTGTCACTCAAAGT
"
[427],"AACAAGATCGCGGCAATCGTTTGTGTTTGGCAACCCCATCTCACCATCGCTTGTCCACTCTTGCACAGAA
"
[428],"TGGAATCATGTTGTAATTACAGTGCAATAAGGTAATTATAACCCATTTAATTGATAGCTATGCTTTATTA
"
[429],"GGGAAGAGCTCTACAGTGTGAAATGTAAATAAAAAATAGCTATTATTCAATTAGATTAGGCTAATTAGAT
"
[430],GATTTGCAAAAAAAAAAAA
